:020000040800F2
:100000000000022051260108F12A0008F32A000806
:10001000F92A0008FB2A0008FD2A00080000000059
:10002000000000000000000000000000919E000899
:10003000FF2A000800000000319F0008959F00087B
:10004000A1260108A1260108A1260108A126010870
:10005000012B0008A1260108A1260108A1260108FC
:10006000A1260108092B0008132B0008A12601086E
:100070001D2B00082D2B0008A1260108A126010830
:10008000A1260108A1260108A1260108A126010830
:100090003D2B00084D2B0008A12601085D2B000810
:1000A000A1260108A1260108A1260108A126010810
:1000B000A1260108A1260108A1260108A126010800
:1000C000A1260108692B0008792B0008892B00085C
:1000D000992B0008A92B0008A1260108B92B0008BC
:1000E000A1260108A1260108A1260108A1260108D0
:1000F000A1260108C92B0008A1260108E12B000850
:10010000A1260108A1260108A1260108A1260108AF
:10011000A1260108A1260108A1260108A12601089F
:10012000F12B0008A1260108012C0008112C000861
:10013000A1260108A1260108A1260108A12601087F
:10014000212C0008312C0008A1260108412C0008B0
:10015000512C0008612C0008712C0008812C00082B
:10016000912C0008A12C0008A1260108A126010855
:10017000A1260108A1260108A1260108000000000F
:08018000A1260108A1260108D7
:1001900010B5054C237833B9044B13B10448AFF3C1
:1001A00000800123237010BD3006002000000000F5
:1001B000204B010808B5034B1BB103490348AFF3BB
:1001C000008008BD0000000034060020204B01081C
:1001D00010F8012B11F8013B012A28BF9A42F7D0F1
:1001E000D01A7047034613F8012B002AFBD1181AC6
:1001F000013870470000000000000000000000000F
:1002000001F0FF01102A2BDB10F0070F08D010F8C7
:10021000013B013A8B422DD010F0070F42B3F6D1CB
:10022000F0B441EA012141EA014122F007047FF0E4
:1002300000070023F0E80256083C85EA010586EA3B
:10024000010685FA47F5A3FA87F586FA47F6A5FA77
:1002500087F68EB9EED1F0BC01F0FF0102F0070283
:1002600032B110F8013B013A83EA010313B1F8D12E
:100270000020704701387047002D06BF354603380F
:10028000073815F0010F07D1013015F4807F02BF48
:10029000013015F4C03F0130F0BC0138704700BF99
:1002A00081F0004102E000BF83F0004330B54FEA27
:1002B00041044FEA430594EA050F08BF90EA020F94
:1002C0001FBF54EA000C55EA020C7FEA645C7FEA27
:1002D000655C00F0E2804FEA5454D4EB5555B8BF4A
:1002E0006D420CDD2C4480EA020281EA030382EABB
:1002F000000083EA010180EA020281EA0303362D4D
:1003000088BF30BD11F0004F4FEA01314FF4801C1F
:100310004CEA113102D0404261EB410113F0004F31
:100320004FEA03334CEA133302D0524263EB4303E8
:1003300094EA050F00F0A780A4F10104D5F1200E86
:100340000DDB02FA0EFC22FA05F2801841F10001E1
:1003500003FA0EF2801843FA05F359410EE0A5F1B5
:1003600020050EF1200E012A03FA0EFC28BF4CF0E6
:10037000020C43FA05F3C01851EBE37101F000459C
:1003800007D54FF0000EDCF1000C7EEB00006EEBA9
:100390000101B1F5801F1BD3B1F5001F0CD3490833
:1003A0005FEA30004FEA3C0C04F101044FEA44528A
:1003B00012F5800F80F09A80BCF1004F08BF5FEA11
:1003C000500C50F1000041EB045141EA050130BDF1
:1003D0005FEA4C0C404141EB0101013C28BFB1F503
:1003E000801FE9D291F0000F04BF01460020B1FA4E
:1003F00081F308BF2033A3F10B03B3F120020CDA21
:100400000C3208DD02F1140CC2F10C0201FA0CF0FE
:1004100021FA02F10CE002F11402D8BFC2F1200C63
:1004200001FA02F120FA0CFCDCBF41EA0C01904019
:10043000E41AA2BF01EB0451294330BD6FEA040462
:100440001F3C1CDA0C340EDC04F11404C4F120024D
:1004500020FA04F001FA02F340EA030021FA04F35F
:1004600045EA030130BDC4F10C04C4F1200220FAB6
:1004700002F001FA04F340EA0300294630BD21FAF4
:1004800004F0294630BD94F0000F83F4801306BFBA
:1004900081F480110134013D4EE77FEA645C18BFAE
:1004A0007FEA655C29D094EA050F08BF90EA020F45
:1004B00005D054EA000C04BF1946104630BD91EA3D
:1004C000030F1EBF0021002030BD5FEA545C05D140
:1004D0004000494128BF41F0004130BD14F580047F
:1004E0003CBF01F5801130BD01F0004545F0FE41F3
:1004F00041F470014FF0000030BD7FEA645C1ABF28
:10050000194610467FEA655C1CBF0B46024650EA5E
:10051000013406BF52EA033591EA030F41F400218A
:1005200030BD00BF90F0000F04BF0021704730B510
:100530004FF4806404F132044FF000054FF00001E5
:1005400050E700BF90F0000F04BF0021704730B5A6
:100550004FF4806404F1320410F0004548BF40427B
:100560004FF000013EE700BF42004FEAE2014FEAD0
:1005700031014FEA02701FBF12F07F4393F07F4FAB
:1005800081F06051704732F07F4208BF704793F0AE
:100590007F4F04BF41F40021704730B54FF46074C1
:1005A00001F0004521F000411CE700BF50EA0102C4
:1005B00008BF704730B54FF000050AE050EA01026D
:1005C00008BF704730B511F0004502D5404261EBDD
:1005D00041014FF4806404F132045FEA915C3FF41E
:1005E000D8AE4FF003025FEADC0C18BF03325FEABB
:1005F000DC0C18BF033202EBDC02C2F1200300FA6C
:1006000003FC20FA02F001FA03FE40EA0E0021FA90
:1006100002F11444BDE600BF70B54FF0FF0C4CF47E
:10062000E06C1CEA11541DBF1CEA135594EA0C0F30
:1006300095EA0C0F00F0DEF82C4481EA030621EA6B
:100640004C5123EA4C5350EA013518BF52EA0335A6
:1006500041F4801143F4801338D0A0FB02CE4FF058
:100660000005E1FB02E506F00042E0FB03E54FF088
:100670000006E1FB03569CF0000F18BF4EF0010E80
:10068000A4F1FF04B6F5007F64F5407404D25FEA7C
:100690004E0E6D4146EB060642EAC62141EA55512F
:1006A0004FEAC52040EA5E504FEACE2EB4F1FD0C71
:1006B00088BFBCF5E06F1ED8BEF1004F08BF5FEAEF
:1006C000500E50F1000041EB045170BD06F00046A1
:1006D00046EA010140EA020081EA0301B4EB5C044E
:1006E000C2BFD4EB0C0541EA045170BD41F4801146
:1006F0004FF0000E013C00F3AB8014F1360FDEBF6B
:10070000002001F0004170BDC4F10004203C35DA46
:100710000C341BDC04F11404C4F1200500FA05F3C9
:1007200020FA04F001FA05F240EA020001F000426A
:1007300021F0004110EBD37021FA04F642EB0601E0
:100740005EEA430E08BF20EAD37070BDC4F10C040A
:10075000C4F1200500FA04F320FA05F001FA04F2CE
:1007600040EA020001F0004110EBD37041F10001BA
:100770005EEA430E08BF20EAD37070BDC4F12005C5
:1007800000FA05F24EEA020E20FA04F301FA05F22D
:1007900043EA020321FA04F001F0004121FA04F2D5
:1007A00020EA020000EBD3705EEA430E08BF20EAA5
:1007B000D37070BD94F0000F0FD101F000464000DF
:1007C00041EB010111F4801F08BF013CF7D041EA61
:1007D000060195F0000F18BF704703F00046520065
:1007E00043EB030313F4801F08BF013DF7D043EA36
:1007F0000603704794EA0C0F0CEA135518BF95EAEC
:100800000C0F0CD050EA410618BF52EA4306D1D172
:1008100081EA030101F000414FF0000070BD50EA91
:10082000410606BF1046194652EA430619D094EA1B
:100830000C0F02D150EA013613D195EA0C0F05D105
:1008400052EA03361CBF104619460AD181EA030159
:1008500001F0004141F0FE4141F470014FF0000011
:1008600070BD41F0FE4141F4780170BD70B54FF0AC
:10087000FF0C4CF4E06C1CEA11541DBF1CEA13552C
:1008800094EA0C0F95EA0C0F00F0A7F8A4EB05040E
:1008900081EA030E52EA03354FEA013100F0888005
:1008A0004FEA03334FF0805545EA131343EA1263CE
:1008B0004FEA022245EA111545EA10654FEA002683
:1008C0000EF000419D4208BF964244F1FD0404F53C
:1008D000407402D25B084FEA3202B61A65EB030598
:1008E0005B084FEA32024FF480104FF4002CB6EB55
:1008F000020E75EB030E22BFB61A754640EA0C00D5
:100900005B084FEA3202B6EB020E75EB030E22BF14
:10091000B61A754640EA5C005B084FEA3202B6EB55
:10092000020E75EB030E22BFB61A754640EA9C0014
:100930005B084FEA3202B6EB020E75EB030E22BFE4
:10094000B61A754640EADC0055EA060E18D04FEAA2
:10095000051545EA16754FEA06164FEAC30343EA42
:1009600052734FEAC2025FEA1C1CC0D111F4801F0F
:100970000BD141EA00014FF000004FF0004CB6E708
:1009800011F4801F04BF01430020B4F1FD0C88BFA7
:10099000BCF5E06F3FF6AFAEB5EB030C04BFB6EBB2
:1009A000020C5FEA500C50F1000041EB045170BDA5
:1009B0000EF0004E4EEA113114EB5C04C2BFD4EBD2
:1009C0000C0541EA045170BD41F480114FF0000E56
:1009D000013C90E645EA060E8DE60CEA135594EAD2
:1009E0000C0F08BF95EA0C0F3FF43BAF94EA0C0FD5
:1009F0000AD150EA01347FF434AF95EA0C0F7FF44A
:100A000025AF104619462CE795EA0C0F06D152EA9D
:100A100003353FF4FDAE1046194622E750EA410681
:100A200018BF52EA43067FF4C5AE50EA41047FF492
:100A30000DAF52EA43057FF4EBAE12E74FF0FF3CF7
:100A400006E000BF4FF0010C02E000BF4FF0010CC8
:100A50004DF804CD4FEA410C7FEA6C5C4FEA430C41
:100A600018BF7FEA6C5C1BD001B050EA410C0CBF90
:100A700052EA430C91EA030F02BF90EA020F0020F2
:100A8000704710F1000F91EA030F58BF994208BF59
:100A900090422CBFD8176FEAE37040F00100704716
:100AA0004FEA410C7FEA6C5C02D150EA013C07D16D
:100AB0004FEA430C7FEA6C5CD6D152EA033CD3D0B8
:100AC0005DF8040B704700BF8446104662468C46B2
:100AD0001946634600E000BF01B5FFF7B7FF0028E5
:100AE00048BF10F1000F01BD4DF808EDFFF7F4FF0E
:100AF0000CBF012000205DF808FB00BF4DF808ED99
:100B0000FFF7EAFF34BF012000205DF808FB00BFBB
:100B10004DF808EDFFF7E0FF94BF012000205DF8DD
:100B200008FB00BF4DF808EDFFF7CEFF94BF012092
:100B300000205DF808FB00BF4DF808EDFFF7C4FF8B
:100B400034BF012000205DF808FB00BF4FEA410CD4
:100B50007FEA6C5C02D150EA013C0AD14FEA430CB7
:100B60007FEA6C5C02D152EA033C02D14FF00000F4
:100B700070474FF0010070474FEA4102B2F1E04385
:100B800024BFB3F5001CDCF1FE5C0DD901F0004C74
:100B90004FEAC0024CEA5070B2F1004F40EB8300C4
:100BA00008BF20F00100704711F0804F21D113F1F0
:100BB0003872BCBF01F00040704741F480114FEA29
:100BC0005252C2F11802C2F1200C10FA0CF320FAB2
:100BD00002F018BF40F001004FEAC1234FEAD323CF
:100BE00003FA0CFC40EA0C0023FA02F34FEA430339
:100BF000CCE77FEA625307D150EA01331EBF4FF0C2
:100C0000FE4040F44000704701F0004040F0FE40DC
:100C100040F40000704700BF53B94AB9002908BF2B
:100C200000281CBF4FF0FF314FF0FF3000F088B9B3
:100C3000ADF1080C6DE904CE00F006F8DDF804E033
:100C4000DDE9022304B070472DE9F047089D8E4688
:100C500004468846002B4AD18A42174662D9B2FA26
:100C600082F64EB1C6F1200301FA06F820FA03F32A
:100C7000B74043EA0808B4404FEA174E1FFA87FC12
:100C8000B8FBFEF1230C0EFB118843EA084301FB7D
:100C90000CF29A4209D9FB1801F1FF3080F0EA808A
:100CA0009A4240F2E78002393B449A1AA3B2B2FB5F
:100CB000FEF00EFB102243EA024300FB0CFC9C45B5
:100CC00009D9FB1800F1FF3280F0D6809C4540F234
:100CD000D3803B44023840EA0140A3EB0C030021DF
:100CE0001DB1F3400022C5E90032BDE8F0878B4218
:100CF00005D90DB1C5E9000100210846F5E7B3FAB1
:100D000083F1002946D1734502D3824200F2058166
:100D1000841A6EEB030201209046002DE5D0C5E950
:100D20000048E2E7002A00F09080B2FA82F6002E36
:100D300040F0A4808A1A030C4FEA174E80B2BCB26E
:100D40000121B2FBFEFC0EFB1C2243EA024304FB22
:100D50000CF29A4207D9FB180CF1FF3802D29A42E2
:100D600000F2E080C4469B1AB3FBFEF20EFB123386
:100D700040EA034302FB04F49C4207D9FB1802F14A
:100D8000FF3002D29C4200F2CA8002461B1B42EA9C
:100D90000C40A5E7C1F120068B4022FA06F71F435D
:100DA0000EFA01F420FA06F32EFA06FE4FEA17496E
:100DB000234300FA01F81FFA87FCBEFBF9F01C0C74
:100DC00009FB10EE44EA0E4400FB0CFEA64502FAB5
:100DD00001F209D93C1900F1FF3A80F09C80A64548
:100DE00040F2998002383C44A4EB0E041FFA83FEC3
:100DF000B4FBF9F309FB13444EEA044403FB0CFC77
:100E0000A44508D93C1903F1FF3E80F08280A44537
:100E10007FD9023B3C4443EA0040A4EB0C04A0FB16
:100E200002EC64457346E14662D35FD05DB1B8EB36
:100E3000030264EB090404FA06F622FA01F31E43E6
:100E4000CC40C5E9006400214FE7B1FBF2FC010C86
:100E500041EA0E4180B240EA01423B4638463C46F8
:100E6000B846BE462026B1FBF7F1A2EB080241EAE4
:100E70000C4166E7014618E710462CE7C6F1200250
:100E80002EFA02F3B740B14020FA02F24FEA174EB1
:100E90000A43B3FBFEF8BCB20EFB1833110C41EA57
:100EA000034108FB04F9B04089454FEA104380B282
:100EB0003ED9791808F1FF3C01D289451FD8A1EB32
:100EC0000901B1FBFEF909FB04F80EFB191192B2FE
:100ED00042EA0142424529D2BA1809F1FF31C4D28F
:100EE0004245C2D2A9F102013A44BEE7F0459DD283
:100EF000BEEB02036CEB070C0138E14696E7A7EB6B
:100F000009094944A8F1020CB1FBFEF909FB04F8F8
:100F1000DBE773467FE7504666E70846FDE63B445D
:100F2000023A33E7ACF1020C3B441CE749469CE72C
:100F3000A1EB0901C446B1FBFEF909FB04F8C4E7C3
:100F4000704700BF08B50268034B9A4200D008BD45
:100F500004F0C4FCFBE700BF0020004072B6FEE7CF
:100F600000B595B03022002108A811F0CBFC002379
:100F7000039304930593069307930193204A116CFE
:100F800041F080511164126C02F080520192019A7A
:100F900002931C4B1A6842F480421A601B6803F4E7
:100FA00080430293029B012308934FF480330993FB
:100FB00002230E934FF480020F9206221092A82271
:100FC000119212930723139308A803F093FB98B987
:100FD0000F23039302230493002305934FF4A0539C
:100FE00006934FF480530793052103A803F0D2FD25
:100FF00020B915B05DF804FBFFF7B0FFFFF7AEFFB7
:10100000003802400070004008B504F04DFCFFF7C6
:10101000A7FF00F02FF800F0DFFA00F02BF900F046
:1010200079F900F099F900F0B7FC00F08FFF00F0BB
:10103000E5FF01F025F900F049FC00F06FFC00F03D
:10104000F5FE01F0CBF801F003F901F039F901F0F8
:101050003FF800F025FB00F041FB00F0C1FC00F080
:101060003DFA00F063FA11F0C1FA00F0EBF808F075
:101070004FFDFEE72DE9F0438FB0002409940A9458
:101080000B940C940D9400945F4B1A6B42F0020287
:101090001A631A6B02F002020092009A01941A6B12
:1010A00042F040021A631A6B02F040020192019A68
:1010B00002941A6B42F001021A631A6B02F00102E9
:1010C0000292029A03941A6B42F008021A631A6B96
:1010D00002F008020392039A04941A6B42F004028D
:1010E0001A631A6B02F004020492049A05941A6BB4
:1010F00042F480721A631A6B02F480720592059AA8
:1011000006941A6B42F020021A631A6B02F0200256
:101110000692069A07941A6B42F080021A631A6BC1
:1011200002F080020792079A08941A6B42F01002AC
:101130001A631B6B03F010030893089B334F22467E
:101140004021384604F0D2F8314E012210213046B9
:1011500004F0CCF8DFF8C08001221146404604F0CC
:10116000C5F84023099301250A950B940C9409A90D
:10117000384603F0C5FF082309934FF40419CDF84E
:1011800028900B9509A9384603F0BAFF09950A94EF
:101190000B9509A9304603F0B3FF102309930A9574
:1011A0000B9502270C9709A9304603F0A9FF3023BD
:1011B0000993CDF828900B9409A9164803F0A0FFD5
:1011C00009950A950B950C9709A9404603F098FFDD
:1011D00022460521092004F049FB092004F056FBB2
:1011E000224605210A2004F041FB0A2004F04EFBB0
:1011F00022460521172004F039FB172004F046FB96
:101200000FB0BDE8F08300BF003802400018024074
:1012100000000240000802400004024008B501F04E
:10122000D3F9002008F0ACFC08BD0000034B0360BC
:10123000034B0B6080231360704700BF4C080020F5
:101240004C06002010B588B00DF1040C074C0FCCF3
:10125000ACE80F0094E807008CE80700002101A823
:1012600008F05BFC024B186008B010BD384B010859
:10127000B008002000B585B00023009301930293CD
:1012800003931548154A02604FF4003242608360B0
:101290000361037680F82030C362114A8262C36022
:1012A0000122C26180F83030426104F0D7FB68B996
:1012B00010230093012301930023029369460648FB
:1012C00004F0F8FB28B905B05DF804FBFFF746FE13
:1012D000EEE7FFF743FEF6E7B408002000200140E8
:1012E0000100000F0268094B9A4200D0704782B09B
:1012F00000230193064B5A6C42F480725A645B6C73
:1013000003F480730193019B02B0704700200140F9
:101310000038024008B50E480E4B036003234360BB
:1013200000238360C3604FF4102202614FF4001267
:1013300042610376437683760122C2760377427751
:1013400004F082FC00B908BDFFF708FEFBE700BF10
:10135000280900200064004008B50E480E4B0360C9
:101360000323436000238360C3604FF410220261B3
:101370004FF4001242610376437683760122C276EF
:101380000377427704F060FC00B908BDFFF7E6FD83
:10139000FBE700BF000900200068004010B58AB0DC
:1013A0000023059306930793089309930368454A1E
:1013B000934204D0444A93423CD00AB010BD434A01
:1013C000136801331360012B27D000240194404B94
:1013D0001A6B42F008021A631B6B03F008030193B7
:1013E000019B032305930222069208930923099384
:1013F00005A9384803F084FE22460521142004F094
:1014000035FA142004F042FA22460521152004F092
:101410002DFA152004F03AFACFE7002300932C4B65
:101420001A6C42F000721A641B6C03F00073009394
:10143000009BCAE700230293254B1A6C42F080629E
:101440001A641B6C03F080630293029B1F4A1368AB
:1014500001331360012B28D0002404941C4B1A6B19
:1014600042F002021A631B6B03F002030493049B15
:10147000602305930223069303230893092309930A
:1014800005A9154803F03CFE22460521402004F042
:10149000EDF9402004F0FAF922460521412004F03C
:1014A000E5F9412004F0F2F987E700230393084BA4
:1014B0001A6C42F000721A641B6C03F00073039301
:1014C000039BC9E70064004000680040FC0800205E
:1014D00000380240000C02400004024008B50548F4
:1014E000054B036004F0B4FF00B908BDFFF736FDFB
:1014F000FBE700BF50090020003002400268094BA2
:101500009A4200D0704782B000230193064B1A6BB9
:1015100042F480521A631B6B03F480530193019BC6
:1015200002B07047003002400038024000B583B07E
:101530000023009301930C480C4B036004F097FFC9
:1015400058B900230093019310226946064804F01D
:10155000A0FF28B903B05DF804FBFFF7FFFCF0E73C
:10156000FFF7FCFCF6E700BF5809002000740040BC
:1015700000B589B000230393049305930693079362
:101580000268134B9A4202D009B05DF804FB0021B7
:10159000019103F5E2331A6C42F000521A641A6C9E
:1015A00002F000520192019A02911A6B42F001027C
:1015B0001A631B6B03F001030293029B2023039326
:1015C0000323049303A9034803F09AFDDCE700BF5B
:1015D000007400400000024010B582B00024009466
:1015E0002E4B1A6B42F480021A631A6B02F48002CB
:1015F0000092009A01941A6B42F400121A631B6B5A
:1016000003F400130193019B224605210C2004F0F2
:101610002DF90C2004F03AF9224605210D2004F0A2
:1016200025F90D2004F032F9224605212F2004F07F
:101630001DF92F2004F02AF922462146382004F013
:1016400015F9382004F022F9224605213A2004F049
:101650000DF93A2004F01AF9224621463B2004F005
:1016600005F93B2004F012F922462146442004F0FB
:10167000FDF8442004F00AF922460521452004F033
:10168000F5F8452004F002F922460521462004F031
:10169000EDF8462004F0FAF802B010BD0038024020
:1016A00008B50B480B4B03600B4B43600023836072
:1016B000C3604FF48042026143618361C36103628E
:1016C00005F0E8F800B908BDFFF748FCFBE700BFEC
:1016D000800A002000580040801A060008B50B4818
:1016E0000B4B03600B4B436000238360C3604FF4DC
:1016F0008042026143618361C361036205F0CAF8FD
:1017000000B908BDFFF72AFCFBE700BF2C0A002048
:10171000005C0040801A06002DE9F0418AB00023E9
:101720000593069307930893099303685D4A9342D0
:1017300005D05D4A934269D00AB0BDE8F081044605
:1017400000250095594E336B43F020033363336B10
:1017500003F020030093009B0323059312220692BB
:1017600008930423099305A9514803F0C9FC019586
:10177000336C43F480033364336C03F480030193CC
:10178000019B4C484C4B03604FF0606343608560A5
:10179000C5604FF48063036145618561C561056281
:1017A000456203F033FE58BB424BA3639C6343483E
:1017B000434B03604FF0606343604023836000232A
:1017C000C3604FF48062026143618361C36103625D
:1017D000436203F01BFEB0B9384B63639C63002285
:1017E0000521212004F042F8212004F04FF80022C6
:1017F0000521222004F03AF8222004F047F89BE764
:10180000FFF7ACFBD0E7FFF7A9FBE5E70025029562
:10181000264C236B43F004032363236B03F0040380
:101820000293029B0395236B43F001032363236B15
:1018300003F001030393039B4FF4007305934FF0F0
:101840001208CDF81880032708970426099605A9E1
:101850001C4803F055FC4FF480730593CDF81880B5
:1018600007950897099605A9174803F049FC0495C0
:10187000236C43F400032364236C03F400030493F8
:10188000049B2A460521482003F0F0FF482003F07E
:10189000FDFF2A460521492003F0E8FF492003F017
:1018A000F5FF49E700580040005C00400038024066
:1018B00000140240CC090020406002406C09002066
:1018C000B8600240000802400000024008B5054828
:1018D000054B036005F0DAFE00B908BDFFF73EFBDB
:1018E000FBE700BFD40A0020000806500268094B3D
:1018F0009A4200D0704782B000230193064B5A6B86
:1019000042F040025A635B6B03F040030193019B7A
:1019100002B07047000806500038024008B50A4877
:101920000A4B0360002343607C22826040F67F42C2
:10193000C26003614361836105F010FF00B908BD17
:10194000FFF70CFBFBE700BFE40A00200028004083
:1019500000B585B0002300930193029303930268BE
:101960000A4B9A4202D005B05DF804FB02230093B3
:10197000074B0393684603F001FA20B9054B012297
:10198000C3F83C2EEFE7FFF7E9FAF7E7002800403D
:1019900000031E000000474208B50F480F4B0360CC
:1019A0004FF48273436000238360C36002220261AC
:1019B000012242614FF4007282611022C26103620F
:1019C000436283620A23C36205F0A8FF00B908BD21
:1019D000FFF7C4FAFBE700BF1C0C002000300140F9
:1019E00008B50F480F4B03604FF482734360002328
:1019F0008360C36002220261012242614FF40072DF
:101A000082613822C2610362436283620A23C36235
:101A100005F084FF00B908BDFFF7A0FAFBE700BF9F
:101A2000C40B0020003800402DE9F0438BB00023A8
:101A30000593069307930893099303685C4A9342BE
:101A400006D05C4A934200F087800BB0BDE8F0837B
:101A5000044600250095584B5A6C42F480525A6453
:101A60005A6C02F480520092009A01951A6B42F06F
:101A700002021A631A6B02F002020192019A0295A5
:101A80001A6B42F001021A631B6B03F0010302930D
:101A9000029B182305934FF00209CDF818904FF0E0
:101AA0000108CDF81C80032608960527099705A98B
:101AB000424803F025FB80230593CDF81890CDF81C
:101AC0001C800896099705A93D4803F019FB3D487D
:101AD0003D4B03604FF0C06343608560C5604FF4C9
:101AE0008063036145618561C5614FF440330362E2
:101AF000042343628662C562056303F087FC28BB4A
:101B0000304BE3649C633148314B03604FF0C0635A
:101B10004360402383600023C3604FF4806202610E
:101B200043618361C3614FF440320262436203F058
:101B30006DFC70B9254BA3649C6300220521232012
:101B400003F094FE232003F0A1FE7EE7FFF706FAE0
:101B5000D6E7FFF703FAEDE700240394164B1A6C5F
:101B600042F480421A641A6C02F480420392039A8F
:101B700004941A6B42F002021A631B6B03F0020317
:101B80000493049B4FF460430593022306930323BD
:101B900008930525099505A9084803F0B1FA2246DE
:101BA0002946242003F062FE242003F06FFE4CE758
:101BB000003001400038004000380240000402407C
:101BC00000000240640B002010640240040B00205F
:101BD0005864024000B587B003682C4A934218D07D
:101BE0002B4A934224D02B4A93422ED02A4A934226
:101BF00038D02A4A934218D100230593284B5A6CB7
:101C000042F400325A645B6C03F400330593059B85
:101C10000BE000230193224B5A6C42F001025A64FC
:101C20005B6C03F001030193019B07B05DF804FBBB
:101C3000002302931A4B1A6C42F004021A641B6CC4
:101C400003F004030293029BEFE700230393144B7A
:101C50001A6C42F008021A641B6C03F00803039329
:101C6000039BE2E7002204920D4B596C41F0020104
:101C700059645B6C03F002030493049B0F212D2035
:101C800003F0F4FD2D2003F001FECEE7000001403B
:101C900000080040000C00400004014000440140E6
:101CA0000038024070B58CB0002307930893099365
:101CB0000A930B930368514A93420DD0504A9342C2
:101CC00022D0504A93423AD04F4A934251D04F4A81
:101CD000934279D00CB070BD002301934C4B1A6B2A
:101CE00042F010021A631B6B03F010030193019B77
:101CF0004FF4D44307930223089301230B9307A9BE
:101D0000444803F0FDF9E5E700230293404B1A6BCA
:101D100042F008021A631B6B03F008030293029B54
:101D20004FF4804307930223089301220992032270
:101D30000A920B9307A9384803F0E2F9CAE7002397
:101D40000393334B1A6B42F080021A631B6B03F050
:101D500080030393039B4FF4E053079302230893FC
:101D6000012209920A930B9307A92C4803F0C8F9A2
:101D7000B0E700240494264B1A6B42F480721A6375
:101D80001A6B02F480720492049A05941A6B42F062
:101D900004021A631B6B03F004030593059BC02325
:101DA00007930226089603250B9507A91C4803F004
:101DB000A7F940230793089609940A940B9507A95D
:101DC000184803F09DF985E700230693104B1A6B22
:101DD00042F020021A631B6B03F020030693069B5C
:101DE0004023079302230893012209920A930323B5
:101DF0000B9307A90C4803F083F96BE7000001403F
:101E000000080040000C0040000401400044014074
:101E10000038024000100240000C0240001C02404A
:101E200000200240000802400014024010B596B0A5
:101E300000241294139414941594109411940994FA
:101E40000A940B940C940D940E940F942022214626
:101E500001A810F057FD3B483B4B0360A7234360AC
:101E6000846044F61F63C36004614461846106F0CA
:101E70009DF900284BD14FF48053129312A9314899
:101E800006F0FAFA002845D12E4806F0E7F90028B6
:101E900043D100231093119310A92A4806F0FCFBAC
:101EA00000283DD16023099300220A920B920C92E4
:101EB0000D920E920F9209A9224806F062FA0028AC
:101EC00031D1042209A91F4806F05BFA70BB082231
:101ED00009A91C4806F055FA58BB0C2209A9194853
:101EE00006F04FFA40BB002301930293039304933F
:101EF00005934FF400520692089301A9114806F089
:101F000011FCE0B90F48FFF7CDFE16B010BDFFF78A
:101F100025F8B0E7FFF722F8B6E7FFF71FF8B8E7B4
:101F2000FFF71CF8BEE7FFF719F8CAE7FFF716F846
:101F3000CDE7FFF713F8D0E7FFF710F8D3E7FFF787
:101F40000DF8DFE7940D00200000014000B58FB0D0
:101F500000230A930B930C930D9308930993019319
:101F60000293039304930593069307932148224A0F
:101F70000260A722426083604FF6FF72C260036175
:101F8000836106F013F928BB4FF480530A930AA922
:101F9000184806F071FA00BB164806F05FF9F8B968
:101FA00000230893099308A9124806F075FBD0B9DD
:101FB000602301930023029303930593082201A950
:101FC0000C4806F0DEF988B90A48FFF76BFE0FB03F
:101FD0005DF804FBFEF7C2FFD6E7FEF7BFFFDBE7C5
:101FE000FEF7BCFFDCE7FEF7B9FFE1E7FEF7B6FF5F
:101FF000EAE700BF4C0D00200008004000B58FB09C
:1020000000230A930B930C930D9308930993019368
:102010000293039304930593069307932A482B4A4C
:102020000260436083604FF6FF72C26003618361A8
:1020300006F0BCF8002831D14FF480530A930AA966
:10204000214806F019FA60BB1F4806F007F958BB93
:1020500000230893099308A91B4806F01DFB30BB19
:1020600060230193002202920392059201A916486F
:1020700006F087F9F0B904220DEB0201124806F0D0
:1020800080F9D0B9082201A90F4806F07AF9B8B949
:102090000D48FFF707FE0FB05DF804FBFEF75EFF8B
:1020A000CAE7FEF75BFFCFE7FEF758FFD0E7FEF782
:1020B00055FFD5E7FEF752FFDDE7FEF74FFFE1E7FB
:1020C000FEF74CFFE4E700BF040D0020000C0040C9
:1020D00010B596B00024129413941494159410948F
:1020E000119409940A940B940C940D940E940F94EB
:1020F0002022214601A810F005FC3648364B03602B
:10210000A7234360846044F61F63C3600461446195
:10211000846106F04BF8002843D14FF480531293AA
:1021200012A92C4806F0A8F900283DD1294806F04C
:1021300069F800283BD100231093119310A925487A
:1021400006F0AAFA002835D1002209920A920B92D1
:102150000C920D920E920F9209A91E4806F0E2F819
:1021600058BB042209A91B4806F0DCF840BB082232
:1021700009A9184806F0D6F828BB0023019302935A
:102180000393049305934FF400520692089301A918
:10219000104806F0C7FAC8B90E48FFF783FD16B01D
:1021A00010BDFEF7DBFEB8E7FEF7D8FEBEE7FEF790
:1021B000D5FEC0E7FEF7D2FEC6E7FEF7CFFED0E7BA
:1021C000FEF7CCFED3E7FEF7C9FED6E7FEF7C6FE64
:1021D000E2E700BFBC0C00200004014000B589B05C
:1021E00000230193029303930493059306930793AB
:1021F0001548164A0260A7224260836041F2873286
:10220000C2600361836105F0D1FFA0B90E4806F0FA
:1022100025F898B960230193002202920392059257
:1022200001A9094806F0ADF858B90748FFF73AFD8B
:1022300009B05DF804FBFEF791FEE7E7FEF78EFEBE
:10224000E8E7FEF78BFEF0E7740C00200044014045
:1022500008B50948094B036000238360C36003612C
:102260000C2242618361C36106F0C0FB00B908BD66
:10227000FEF774FEFBE700BF441000200010014091
:1022800008B50C480C4B03600C4B43604FF4805373
:1022900083600023C3604FF4806202610C224261BC
:1022A0008361C36106F0A2FB00B908BDFEF756FECC
:1022B000FBE700BF0010002000480040A08601009E
:1022C00008B50A480A4B03604FF4E133436000232A
:1022D0008360C36003610C2242618361C36106F0C5
:1022E00085FB00B908BDFEF739FEFBE7BC0F0020F7
:1022F000001401402DE9F0418CB0044600230793FF
:10230000089309930A930B9303689D4A93420AD05A
:102310009C4A934200F082809B4A934200F0C38023
:102320000CB0BDE8F08100250095984B5A6C42F046
:1023300010025A645A6C02F010020092009A019541
:102340001A6B42F002021A631A6B02F00202019247
:10235000019A02951A6B42F001021A631B6B03F09B
:1023600001030293029B802307934FF00208CDF8EC
:10237000208003270A9707260B9607A9844802F0B6
:10238000BFFE4FF400730793CDF8208009950A979C
:102390000B9607A97F4802F0B3FE7F487F4B03608E
:1023A0004FF00063436040238360C5604FF4806357
:1023B000036145618561C5614FF440330362456245
:1023C00003F024F820BB744B63639C637448754B23
:1023D00003604FF00063436000238360C3604FF4E9
:1023E0008062026143618361C3614FF440320262E3
:1023F000436203F00BF870B9694BA3639C6300223E
:102400000521252003F032FA252003F03FFA87E763
:10241000FEF7A4FDD7E7FEF7A1FDEDE70025039544
:102420005A4B1A6C42F480221A641A6C02F480220D
:102430000392039A04951A6B42F004021A631B6B11
:1024400003F004030493049B4FF4406307930223B7
:10245000089303230A9307230B9307A9524802F01A
:102460004FFE5248524B03604FF00063436085605B
:10247000C5604FF48063036145618561C561056294
:10248000456202F0C3FF58B9484BA3639C63002226
:102490000521272003F0EAF9272003F0F7F93FE7A9
:1024A000FEF75CFDF0E700250595384B5A6C42F0CD
:1024B00020025A645A6C02F020020592059A069591
:1024C0001A6B42F040021A631B6B03F04003069341
:1024D000069B4FF4844307930223089303260A962E
:1024E00008230B9307A9334802F00AFE3248334B06
:1024F00003604FF0206343608560C5604FF48063E4
:10250000036145618561C5614FF4003303620423B3
:1025100043628662C562056302F078FF50BB264BBA
:10252000A3639C632648274B03604FF020634360FE
:10253000402383600023C3604FF4806202614361E3
:102540008361C3614FF400320262042242620322BB
:102550008262C362036302F059FF70B9184B636370
:102560009C6300220521472003F080F9472003F0F7
:102570008DF9D5E6FEF7F2FCD1E7FEF7EFFCEDE7CB
:1025800000100140004800400014014000380240A3
:1025900000040240000002405C0F0020B8640240CA
:1025A000FC0E002088640240000802409C0E0020BF
:1025B00028600240001802403C0E002040640240A7
:1025C000DC0D0020A064024008B500220F4910482D
:1025D00007F096FD70B90F490D4807F0A8FD60B9E6
:1025E0000D490B4808F08EFD50B9094807F0BFFDB2
:1025F00048B908BDFEF7B2FCEDE7FEF7AFFCEFE728
:10260000FEF7ACFCF1E7FEF7A9FCF2E7340000208E
:1026100088100020B80000205000002070B52DED7B
:10262000028B88B0002303930493059306930793CA
:102630000368B3F1A04F03D008B0BDEC028B70BDAE
:1026400000250195224C236B43F001032363236B88
:1026500003F001030193019B4FF4E0530393022322
:102660000493032306930A2307931A4E03A93046C3
:1026700002F046FD636B43F0800363630295636C75
:1026800043F480436364636C03F480430293029BCE
:102690002A460521432003F0E9F8432003F0F6F829
:1026A0002A464FF48051304602F020FE9FED0A8A00
:1026B000B0EE480A08F0ECFE01224FF4805130469B
:1026C00002F014FEB0EE480A08F0E2FEB4E700BFE4
:1026D0000038024000000240CDCCCC3D08B500F2ED
:1026E000C441D0F8080507F058FD08BD08B501EB56
:1026F000C10300EB8303D3F88C22D0F8080507F060
:1027000019FE08BD08B501EBC10300EB8303DA6CC9
:10271000D0F8080507F070FE08BD08B5D0F8080528
:1027200007F0B3FD08BD10B50446C3683BB1022BEA
:1027300001D1012104E0FEF711FC012100E000219C
:10274000D4F8080507F087FDD4F8080507F051FD17
:1027500010BD000010B50446D0F8080507F07EFD56
:102760002268D2F8003E43F00103C2F8003E236A1B
:1027700023B1034A136943F00603136110BD00BF80
:1027800000ED00E008B5D0F8080507F071FD08BDC0
:1027900008B5D0F8080507F0A0FD08BD08B5D0F8C9
:1027A000080507F083FD08BD08B5D0F8080507F057
:1027B000ABFD08BD08B5D0F8080507F0A7FD08BDBA
:1027C00002780AB10020704710B503461548C0F8DA
:1027D0000835C3F8C8024FF0A043036004234360E8
:1027E0000222C260002303618261C361036243620B
:1027F000C362036300F040FB80B90A4C802120468D
:1028000001F038F940220021204601F00DF9802224
:102810000121204601F008F9002010BDFEF79EFBC3
:10282000EBE700BF84150020D0F8C83211F0800F0C
:1028300008D101F07F0101EBC10103EB810393F8A3
:102840007E02704701F07F0101EBC10103EB8103C0
:1028500093F83E00704708B5D0F8C80200F02FFD8D
:1028600008BD00000048704764130020704703282B
:1028700005D8DFE800F005040205012070470320B9
:10288000704708B5D0F8C80200F08DFBFFF7EFFFE6
:1028900008BD08B594461A466346D0F8C80200F051
:1028A00061FCFFF7E4FF08BD08B5D0F8C80200F0EE
:1028B0009EFCFFF7DCFF08BD08B5D0F8C80200F0A9
:1028C00036FDFFF7D4FF08BD08B5D0F8C80200F008
:1028D00072FDFFF7CCFF08BD08B5D0F8C80200F0C4
:1028E0002DFCFFF7C4FF08BD08B5D0F8C80200F002
:1028F000EFFCFFF7BCFF08BD08B5D0F8C80200F038
:10290000AFFCFFF7B4FF08BD12230B8000487047EF
:102910002000002004230B80004870471C0000208A
:10292000002393421ED200B510E00CF1370C01F8E1
:1029300013C000014FEA430C0CF1010C4FF0000EE4
:1029400001F80CE00133DBB2934209D24FEA107C6C
:10295000B0F1204FE9D20CF1300C01F813C0E8E7D8
:102960005DF804FB7047000038B50B4BD3F8100A34
:10297000D3F8144AD3F8183AC01800D138BD074D1F
:1029800008222946FFF7CCFF042205F1100120465A
:10299000FFF7C6FFF2E700BF0070FF1F0200002034
:1029A00008B51A230B80FFF7DFFF014808BD00BF01
:1029B0000000002008B50A4628B90549054808F076
:1029C00020F9034808BD0249024808F01AF9F8E75F
:1029D000901A0020084C010810B50A46034C214605
:1029E000034808F00EF9204610BD00BF901A0020E1
:1029F0001C4C010808B50A4628B90549054808F0E5
:102A000000F9034808BD0249024808F0FAF8F8E75F
:102A1000901A00202C4C010808B50A4628B905492F
:102A2000054808F0EEF8034808BD0249024808F0DE
:102A3000E8F8F8E7901A0020384C010800207047A9
:102A40000020704708B5034B1B680BB108889847F6
:102A5000002008BD942C002038B50C46074D0146D7
:102A6000284608F068FB284608F08CFB044B1B68DE
:102A70000BB120889847002038BD00BF8810002087
:102A8000902C002010B5064C00220649204608F084
:102A900044FB0549204608F04EFB002010BD00BF56
:102AA00088100020901C002090240020094BD3F8AF
:102AB000BC32D3F814320BB10120704710B5054C6D
:102AC0000A460146204608F028FB204608F03FFB56
:102AD00010BD00BF88100020024B1860024B196027
:102AE00002487047942C0020902C00209024002055
:102AF000FEE770477047FDE7FEE7FEE7FEE7704739
:102B000008B502F02DFA08BD08B5082002F0F4FB64
:102B100008BD08B5102002F0EFFB08BD08B502485B
:102B200002F06CFD08BD00BF9C0E002008B50248F5
:102B300002F064FD08BD00BFCC09002008B50248C2
:102B400003F05EFB08BD00BF2809002008B502485D
:102B500003F056FB08BD00BF2809002008B520205F
:102B600002F0CAFB08BD000008B5024804F05CFC96
:102B700008BD00BF800A002008B5024804F024FD0B
:102B800008BD00BF800A002008B5024805F042F8E1
:102B900008BD00BF1C0C002008B5024805F03AF83B
:102BA00008BD00BFC40B002008B5024806F010F9AC
:102BB00008BD00BF4410002008B5024806F008F91F
:102BC00008BD00BF0010002008B5034805F0CDF98E
:102BD000024805F0CAF908BDBC0C0020982C002062
:102BE00008B5024802F00AFD08BD00BF6C090020CC
:102BF00008B5024802F002FD08BD00BF640B0020CA
:102C000008B5024802F0FAFC08BD00BF3C0E0020E7
:102C100008B5024802F0F2FC08BD00BF040B00201A
:102C200008B5024803F0ECFA08BD00BF0009002017
:102C300008B5024803F0E4FA08BD00BF000900200F
:102C400008B5024800F00CFC08BD00BF8415002048
:102C500008B5024802F0D2FC08BD00BFFC0E0020FF
:102C600008B5024802F0CAFC08BD00BFDC0D002018
:102C700008B5024802F0C2FC08BD00BF5C0F00208E
:102C800008B5024806F0A4F808BD00BFBC0F00203C
:102C900008B5024804F0C8FB08BD00BF2C0A00209C
:102CA00008B5024804F090FC08BD00BF2C0A0020C3
:102CB00010B582B000240094114B5A6C42F480424B
:102CC0005A645A6C02F480420092009A01941A6C81
:102CD00042F080521A641B6C03F080530193019BF5
:102CE00022460F216FF0010002F0C0FD22460621AE
:102CF000042002F0BBFD042002F0C8FD02B010BDAC
:102D00000038024030B589B0044600230193214BBE
:102D10001A6C42F480721A641B6C03F48073019382
:102D2000019B02A903A802F00BF8069BCBB901F0A6
:102D3000E7FF0346184AA2FB03239B0C013B1748FD
:102D4000174A026040F2E732C26043600023036129
:102D50008360836105F02AFA054630B1284609B040
:102D600030BD01F0CDFF4300E4E70C4805F0B4F8B6
:102D700005460028F2D12D2002F088FD0F2C01D944
:102D80000125EBE7002221462D2002F06FFD054BC7
:102D90001C60E3E70038024083DE1B43982C0020D0
:102DA00000200040680000202DE9F04383B0D0F8F7
:102DB000008001EBC10300EB8303DA6D5B6D9A4287
:102DC00054D807460C469B1A01EBC10200EB820265
:102DD000926C9A4200D31A4602F103094FEA99090C
:102DE00015E006F103094FEA990904EBC40507EB66
:102DF0008505E96C3B7C0093B3B2E2B2404601F03A
:102E000002FAEB6C3344EB64EB6D3344EB6508EB97
:102E1000441303F510639B699BB24B4512D304EB3B
:102E2000C40307EB8303DA6D5B6D9A420AD24BB1A0
:102E30009B1A04EBC40207EB8202966C9E42D0D32D
:102E40001E46CEE704EBC40307EB83077A6DFB6DE8
:102E50009A420FD804F00F040122A240D8F8343867
:102E600023EA0203C8F83438002000E0012003B050
:102E7000BDE8F0830020FAE770B58AB0002800F0C2
:102E800090800546046890F8BD343BB3032385F871
:102E9000BD34E36B13F4807F01D100232B612868DC
:102EA00000F0D4FE2C4654F8106BEC460FCCACE886
:102EB0000F000FCCACE80F0094E803008CE803008F
:102EC0002B1D0ECB304600F003FE044658B1022302
:102ED00085F8BD34012420460AB070BD80F8BC34AA
:102EE000FFF79CFBD2E70021286801F094FB234602
:102EF00016E003EBC30205EB8202012182F83D10CC
:102F000082F83C30A2F84430002182F840109164ED
:102F1000D16403EBC30205EB820251650133DBB2DE
:102F200069688B42E5D316E004EBC40305EB830329
:102F3000002283F87D2283F87C4283F88022C3F844
:102F40008822C3F88C2204EBC40305EB8303C3F887
:102F500094220134E4B2A142E6D82C4654F8106B16
:102F6000EC460FCCACE80F000FCCACE80F0094E8B7
:102F700003008CE803002B1D0ECB304600F0C2FE90
:102F8000044620B1022385F8BD340124A3E70023C1
:102F900085F83830012385F8BD34286801F0FAFA45
:102FA00099E7012497E7026890F8BC34012B19D007
:102FB00010B50446012380F8BC34836A012B09D084
:102FC000206800F03DFE206801F0D6FA002084F869
:102FD000BC0410BD8369012BF2D0936B43F48033A2
:102FE0009363EDE70220704770B504460D46006814
:102FF000066C00EB411303F530639A6821690129DF
:1030000011D038498E4256D03DB905EBC50304EBCB
:103010008303D3F89432002B5ED0E9B22046FFF749
:1030200065FB002070BD12F0080F09D02E498E42BA
:10303000F7D912F4004FF4D04FF400429A60F0E751
:1030400012F0200F02D020229A60EAE712F0280F37
:10305000E7D125498E4206D912F4004F03D04FF430
:1030600000429A60DDE705EBC50204EB8202D2F86C
:1030700098121B69C3F31203CB1AC2F89C327DB9B4
:1030800005EBC50204EB8202D2F894226AB105EB8B
:10309000C50204EB8202D2F88C121944C2F88C12D9
:1030A000E9B22046FFF722FBBBE704F2C44201214C
:1030B00001F0F0FAF4E712F4004F03D04FF40042AD
:1030C0009A60AEE712F0200F01D020229A60E9B298
:1030D0002046FFF70BFBA4E704F2C442002101F0F5
:1030E000D9FA9AE70A31544F0A30544F38B504469A
:1030F00003681D6C03EB4113D3F8081B0E4A95427D
:1031000007D903F5306311F4004F02D04FF40042A9
:103110009A602046FFF7E2FA074B9D4202D92369E5
:10312000012B01D0002038BD04F2C44201212068E7
:1031300001F0B0FAF6E700BF0A30544F90F8BC3403
:10314000012B0DD010B50446012380F8BC3480F863
:103150003810006801F000FA002084F8BC0410BDAB
:103160000220704738B505468C4611F0800F29D1F2
:1031700001F00F0E0EEBCE04A40004F51E740444FF
:10318000211D0EEBCE0E00EB8E0E00208EF87D0280
:103190000CF00F0C81F800C0CA600B714A780AB1BC
:1031A000A1F808C0022B1DD095F8BC34012B1CD00F
:1031B000012385F8BC34286800F07DFE002085F8E6
:1031C000BC0438BD01F00F0000EBC00189003831AC
:1031D0002944043100EBC00005EB8000012480F895
:1031E0003D40D5E700234B71DEE70220E9E710B54B
:1031F00004460A4611F0800F20D101F00F0000EBC9
:10320000C0039B0003F51E732344191D00EBC0008F
:1032100004EB8000002380F87D3202F00F020A7078
:1032200094F8BC34012B19D0012384F8BC342068F5
:1032300000F08EFE002084F8BC0410BD01F00F00E9
:1032400000EBC0039B0038332344191D00EBC00082
:1032500004EB8000012380F83D30DEE70220ECE73C
:1032600010B501F00F0404EBC401890001F51E71D3
:103270000144043104EBC40C00EB8C0CCCF88C2220
:10328000CCF894320023CCF89C328CF87D328CF848
:103290007C420369012B06D064B9DAB2006800F001
:1032A000C7FE002010BD04EBC40C00EB8C0CCCF866
:1032B0009022F1E7DAB2006800F0BCFFF1E701F01C
:1032C0000F0101EBC10100EB8100D0F89C027047B7
:1032D00010B501F00F0404EBC4018900383101443A
:1032E000043104EBC40C00EB8C0CCCF84C20CCF873
:1032F00054300023CCF85C3001238CF83D308CF83E
:103300003C400369012B06D064B9DAB2006800F0D2
:103310008FFE002010BD04EBC40C00EB8C0CCCF82D
:103320005020F1E7DAB2006800F084FFF1E738B529
:1033300001F00F054268954239D804460B4611F05A
:10334000800F1FD101EBC101890001F51E710144FD
:10335000043103EBC30300EB8303002283F87D22D7
:1033600001238B700D7094F8BC34012B21D0012304
:1033700084F8BC34206801F094F88DB1002084F802
:10338000BC0438BD05EBC501890038310144043166
:1033900005EBC50300EB8303012283F83D20DFE743
:1033A00004F2C442217C206801F074F9E6E70120B0
:1033B000E7E70220E5E701F00F034268934231D8C6
:1033C00010B5044611F0800F1ED103EBC301890034
:1033D00001F51E710144043103EBC30200EB8202CC
:1033E000002082F87D0200228A700B7094F8BC34B1
:1033F000012B19D0012384F8BC34206801F07EF839
:10340000002084F8BC0410BD03EBC30189003831EF
:103410000144043103EBC30200EB8202012082F875
:103420003D00E0E7012070470220ECE708B511F00D
:10343000800F0CD101F00F0101EBC101890001F5F2
:103440001E7101440431006800F07EFE08BD01F0E9
:103450000F0101EBC1018900383101440431F2E769
:103460002DE9F04F83B004460568284601F0CFF8F7
:1034700010B103B0BDE8F08F0646206801F098F85F
:103480000028F6D005F50067BB68C3F30D23C4F828
:10349000FC34206801F08CF810F0020F04D0226890
:1034A000536903F002035361206801F081F810F0C2
:1034B000100F15D02268936923F010039361D5F89B
:1034C000208008F00F0908F4F013B3F5802F4CD0DA
:1034D000B3F5402F6FD02268936943F010039361D6
:1034E000206801F065F810F4002F76D1206801F013
:1034F0005FF810F4802F40F0E080206801F058F869
:103500000028C0F26381206801F052F810F4006FC7
:1035100009D0BB6813F0010F40F070812268536935
:1035200003F400635361206801F042F810F4805FF7
:1035300040F06881206801F03BF810F4005F40F033
:10354000B581206801F034F810F0080F40F0C68112
:10355000206801F02DF810F0800F00F0D981AB69E0
:1035600023F08003AB610126C2E147F6F07318EA4D
:10357000030FB0D04FEA181A4FEAC903019309EBC1
:10358000C90B04EB8B0BC8F30A12DBF88C1228462C
:1035900000F064FFDBF88C32CAF30A0A5344CBF81C
:1035A0008C32DBF89C32019A4A4404EB8202534489
:1035B000C2F89C328FE7082204F2C441284600F08A
:1035C0004DFF09EBC90304EB8303D3F89C22C8F336
:1035D0000A184244C3F89C227DE7206800F0ECFF03
:1035E0008046B14635E005EB49130122C3F8082BAC
:1035F00049462046FFF7F8FC3CE005EB491308225A
:10360000C3F8082B49462046FFF770FD35E009EB6B
:10361000C90304EB830393F87F32012B41D005EB00
:1036200049130222C3F8082B1AF0200F04D005EB2F
:1036300049132022C3F8082B1AF4005F05D005EBCC
:1036400049134FF40052C3F8082B09F101094FEA5E
:103650005808B8F1000F3FF449AF18F0010FF4D04B
:103660005FFA89FB5946206800F0B6FF824610F0E9
:10367000010FB8D11AF0080FBFD11AF0100F04D003
:1036800005EB49131022C3F8082B1AF0020FCBD018
:103690006B6913F0800FBAD07B6843F480637B6062
:1036A000B5E709EBC90304EB8303002283F87F220B
:1036B00059462046FFF76CF8B1E7206800F084FF18
:1036C0008046B14625E059462046FFF71BF81AF020
:1036D000080F04D005EB49130822C3F808291AF093
:1036E000100F04D005EB49131022C3F808291AF073
:1036F000400F04D005EB49134022C3F808291AF003
:10370000020F40D11AF0800F5BD109F101094FEA95
:103710005808B8F1000F3FF4F0AE18F0010FF4D0E4
:103720005FFA89FB5946206800F05FFF824610F07F
:10373000010FCCD009F00F02012101FA02F27B6BDC
:1037400023EA02037B6305EB4913C3F808192369D5
:103750008B42B8D109EBC90304EB8303DA6C996C93
:103760000A44DA64B9F1000FADD109EBC90304EBE7
:1037700083035B6D002BA6D104F2C44201212068B3
:1037800000F088FF9FE74946284600F065FA09EBFC
:10379000C90304EB830393F83F30012B05D005EBFD
:1037A00049130222C3F80829ACE709EBC90304EB6B
:1037B0008303002283F83F2059462046FEF7EEFFA0
:1037C000EDE749462046FFF7EFFA9EE77B6823F0D6
:1037D00001037B6094F8F434012B08D02046FEF7F7
:1037E000D1FF2268536903F0004353618BE6002147
:1037F00084F8F414204600F041F9F2E72046FEF781
:10380000A9FF8BE67B6823F001037B601021206811
:1038100000F022FA1AE005EB46134FF67F31C3F8A9
:103820000819D3F8002922F40012C3F80029C3F8BC
:10383000081BD3F8002B22F40012C3F8002BD3F896
:10384000002B42F00062C3F8002B01366368B342DC
:10385000E1D8FB6943F00113FB61236BDBB1D7F8BF
:10386000843043F00B03C7F884307B6C43F00B03C8
:103870007B64D5F8003823F4FE63C5F8003804F201
:10388000C442217C206800F005FF2268536903F4DC
:10389000805353614EE67B6943F4005343F02B039E
:1038A0007B613B6943F00B033B61E2E7206800F07A
:1038B000E3FE206800F0EEFAE060266801F01AFAF4
:1038C0000146227B304600F049F92046FEF72BFFE7
:1038D0002268536903F40053536132E62046FEF731
:1038E0001CFF2268536903F00803536130E6013678
:1038F0006368B3420CD906EBC60304EB830393F869
:103900007F32012BF3D1F1B22046FFF78FFDEEE7B6
:10391000206800F04DFE10F4801F27D1206800F0D1
:1039200047FE10F4001F5BD0012328E001366368D6
:10393000B3421DD905EB4613D3F8002906EBC603A5
:1039400004EB830393F84030012BEFD1002AEDDA2A
:1039500006EBC60304EB8303012283F83F2066F0E5
:103960007F01C9B22046FFF761FDDFE70126DEE7F0
:103970002268536903F480135361CFE7013362680F
:103980009A4228D905EB4312D2F8001B03EBC3027D
:1039900004EB820292F88022012AEFD10029EDDAAD
:1039A00001F48031D4F8FC2402F001029142E5D107
:1039B00003EBC30204EB8202012182F87F12AA69A1
:1039C00042F08002AA616A6912F0800FD6D17B684A
:1039D00043F400737B602268536903F4001353615E
:1039E000206800F0E5FD10F0804F10D1206800F055
:1039F000DFFD10F0040F3FF43CAD23685D6815F067
:103A0000040F0DD1226853682B43536031E52046E3
:103A1000FEF7CAFE2268536903F080435361E5E76D
:103A20002046FEF7C7FEEDE710B40468606A31B9BE
:103A300040EA0240A06200205DF8044B70478C46CB
:103A4000A36A00EB1340002308E003F1400104EBFC
:103A50008101496800EB11400133DBB20CF1FF3109
:103A60008B42F2D340EA02400CF13F0104EB8104A7
:103A70006060E0E70368596200207047704700000B
:103A800082B000230193019B01330193019A0F4BF4
:103A90009A4215D80369002BF5DA002301930369D4
:103AA00043F001030361019B01330193019A074B2A
:103AB0009A4208D8036913F0010FF4D1002000E006
:103AC000032002B070470320FBE700BF400D030056
:103AD00084B010B5044603A880E80E00089B012BB3
:103AE0001FD1A36B23F48033A363E36823F484031F
:103AF00023F04003E360E36823F44013E3600F9B8B
:103B0000012B09D02046FFF7BBFF069B012B1BD0E2
:103B1000BDE8104004B07047E36843F48013E360ED
:103B2000F0E7E36843F04003E3602046FFF7A8FFB7
:103B30000C9B23B9A36B43F48033A363E5E7A36B2A
:103B400023F48033A363E0E7A36843F00603A36094
:103B5000A36843F02003A360DAE70000022A0AD03A
:103B60000922C36823F47053C360C36843EA822305
:103B7000C36000207047234B0B44234A93422FD944
:103B8000224B0B44224A93422CD9A1F57403A3F58E
:103B90001053204A934227D9A1F18373A3F5E74339
:103BA0001D4A934222D31D4B0B441D4A93421FD9F9
:103BB0001C4B0B441C4A93421CD31C4B0B441C4A09
:103BC000934219D3A1F1B773A3F55853194A9342FD
:103BD00014D3194B0B44194A934211D20722C0E760
:103BE0000F22BEE70E22BCE70D22BAE70C22B8E78F
:103BF0000B22B6E70A22B4E70922B2E70822B0E7AF
:103C00000622AEE7405327FFFF340C00401E1BFF87
:103C10003F420F007F4F120020D6130060B6E5FE32
:103C20005FE3160000D3CEFE40771B00C05BB3FEFF
:103C3000C091210020753800E05459FEE09C4100FD
:103C4000836843F00103836000207047836823F09A
:103C5000010383600020704782B000230193019B21
:103C600001330193019A0F4B9A4215D80369002B37
:103C7000F5DA00230193890141F020010161019BE4
:103C800001330193019A074B9A4208D8036913F054
:103C9000200FF4D1002000E0032002B07047032081
:103CA000FBE700BF400D030082B000230193019B9E
:103CB00001330193019A0E4B9A4213D80369002BEA
:103CC000F5DA0023019310230361019B0133019373
:103CD000019A074B9A4208D8036913F0100FF4D1E8
:103CE000002000E0032002B070470320FBE700BF84
:103CF000400D0300D0F800381943C0F80018002028
:103D00007047000084B02DE9F041044607A880E820
:103D10000E00002306E003F1400204EB82020021C2
:103D2000516001330E2BF6D9119F27BBD4F804380C
:103D300043F00203C4F80438A36B43F40013A363F5
:103D4000A36B23F40023A363A36B23F48023A36357
:103D50000023C4F8003E04F50065D4F80038C4F828
:103D600000380C9B012B14D1099B6BB90021204614
:103D7000FFF7C0FF11E0A36B23F40013A363A36B51
:103D800043F40023A363E3E701212046FFF7B2FFDA
:103D900003E003212046FFF7ADFF10212046FFF787
:103DA0005BFF804608B14FF001082046FFF77CFF1B
:103DB00008B14FF0010800232B616B61EB610AE051
:103DC000C3B94FF00060C2F8000900220A614FF643
:103DD0007F328A6001330799994210D904EB43126C
:103DE00002F51061D2F800090028E9DB0020C2F8D2
:103DF0000009EAE74FF09040C2F80009E5E7002328
:103E00000AE0C3B14FF0904CC2F800CB002202612F
:103E10004FF67F3282600133994211D904EB43128D
:103E200002F53060D2F8006B002EEADB4FF0000C98
:103E3000C2F800CBEAE74FF0006CC2F800CBE5E730
:103E40002B6923F480732B610023A3616FF08043FF
:103E500063610A9B1BB9A36943F01003A361A269C4
:103E60000B4B1343A3610D9B1BB1A36943F00803E4
:103E7000A361012F04D04046BDE8F04104B0704773
:103E8000A36943F0804343F00403A361F3E700BF59
:103E900000383C80D0F8083803F00603022B04D029
:103EA000062B04D02BB90020704702207047022057
:103EB00070470F20704710B591F800C04B78012B68
:103EC00023D000F5006ED0F81C380CF00F0401224E
:103ED000A24043EA0243C0F81C3800EB4C10D0F873
:103EE000003B13F4004F0ED1D0F8003BCA68C2F378
:103EF0000A02097942EA8142134343F0805343F4B2
:103F00000043C0F8003B002010BDD0F81C280CF086
:103F10000F0E03FA0EF39BB21343C0F81C3800EBEC
:103F20004C10D0F8003913F4004FECD1D0F8003920
:103F3000CA68C2F30A02097942EA814242EA8C5213
:103F4000134343F0805343F40043C0F80039DAE7E9
:103F500030B40B784A78012A26D000EB4313D3F80B
:103F6000002B002A52DBD0F83C480A7802F00F02FE
:103F70004FF0010C0CFA02F224EA0242C0F83C288D
:103F8000D0F81C28097801F00F010CFA01FC22EA94
:103F90000C42C0F81C28D3F8001B234A0A40C3F87F
:103FA000002B002030BC704700EB4313D3F80029EE
:103FB000002A1EDBD0F83C580A7802F00F020124D8
:103FC00004FA02F292B225EA0202C0F83C28D0F8C4
:103FD0001C28097801F00F018C40A4B222EA0402E7
:103FE000C0F81C28D3F80019104A0A40C3F8002969
:103FF000D7E7D3F8002942F00062C3F80029D3F8CC
:10400000002942F08042C3F80029D3E7D3F8002BFF
:1040100042F00062C3F8002BD3F8002B42F080423C
:10402000C3F8002B9FE700BF0078F3EF007833EC74
:1040300070B40B784C78012C27D000EB431000F5BE
:1040400030631C696FF312041C611C696FF3DC445C
:104050001C618C690CB1CC688C61CC68CC611C692A
:1040600044F400241C611C69CD69C5F3120C44EAB8
:104070000C041C61012A62D0D0F8003B43F00443D9
:10408000C0F8003B002070BC70478C695CBB00EB43
:104090004314D4F810596FF3DC45C4F81059D4F820
:1040A000105945F40025C4F81059D4F810596FF38D
:1040B0001205C4F81059012A32D000EB4313D3F88B
:1040C000002942F00442C3F800298B69002BD9D0A3
:1040D000D0F83438097801F00F0101228A401343E7
:1040E000C0F83438CEE700EB431404F510642569BA
:1040F0006FF31205256125696FF3DC452561CD68F5
:104100008E69AE4200D98D61256945F4002525618F
:1041100025698E69C6F3120C45EA0C052561CAE7CC
:104120004A691AB100EB4311C1F8142900EB43139B
:10413000D3F8002942F00442C3F80029A2E70A6933
:10414000002A99D05A6197E710B483B00246002341
:104150000193487801280BD00B7802EB4313D3F876
:10416000000B00282DDB002003B05DF8044B7047E6
:104170000B7802EB4313D3F80049002C01DB00203D
:10418000F2E7D3F8004944F00064C3F800490B7823
:1041900002EB4313D3F8004944F08044C3F80049CC
:1041A000019B01330193019C42F210739C42DBD8C6
:1041B0000B7802EB4313D3F80039002BF0DB00201F
:1041C000D2E7D3F8000B40F00060C3F8000B0B7887
:1041D00002EB4313D3F8000B40F08040C3F8000B10
:1041E000019B01330193019842F21073984208D861
:1041F0000B7802EB4313D3F8003B002BF0DB0020DD
:10420000B2E70120B0E710B59DF8084084B9033348
:104210004FEA930E4FF0000C08E000EB023303F579
:10422000805351F8044B1C600CF1010CF445F4D39D
:10423000002010BDF0B583B00B784C78012C31D044
:1042400000EB431303F5306CDCF810406FF31204FD
:10425000CCF81040DCF810406FF3DC44CCF8104090
:104260008C69002C40F0C380DCF81040CD68C5F3A9
:1042700012052C43CCF81040DCF8104044F4002424
:10428000CCF81040012A00F0CC800A79012A00F015
:10429000CF80D3F8002B42F00442C3F8002B00205B
:1042A00003B0F0BD8C6974BB00EB4314D4F8105913
:1042B0006FF3DC45C4F81059D4F8105945F40025C3
:1042C000C4F81059D4F810596FF31205C4F81059F6
:1042D000012A4AD000EB4313D3F8004944F00444C8
:1042E000C3F800490C79012C68D08B69002BD6D01B
:1042F000D0F83438097801F00F0101228A401343C5
:10430000C0F83438CBE700EB4314D4F810596FF3FE
:104310001205C4F81059D4F810596FF3DC45C4F8ED
:104320001059D4F810698D69CF683D44013DB5FB43
:10433000F7F5494F07EAC5453543C4F81059D4F895
:1043400010598E69C6F312063543C4F8105904F5A6
:1043500010640D79012DBBD1256925F0C04525617B
:10436000256945F000552561B2E74A691AB100EBAD
:104370004314C4F814290A79012A08D000EB431326
:10438000D3F8002942F00442C3F8002987E7D0F8A7
:10439000082812F4807F08D100EB4311D1F80029DE
:1043A00042F00052C1F80029E8E700EB4311D1F8D0
:1043B000002942F08052C1F80029DFE7D0F8084810
:1043C00014F4807F0CD1D3F8004944F00054C3F8B2
:1043D000004900920B8B0A780969FFF714FF5EE72A
:1043E000D3F8004944F08054C3F80049F1E7CD68A0
:1043F0002C44013CB4FBF5F4A4B204FB05F5CD61FB
:10440000DCF81050144E06EAC4442C43CCF810409B
:10441000DCF81040CD69C5F312052C43CCF81040F0
:1044200030E70A69002A3FF430AFCCF814202CE7BB
:10443000D0F8082812F4807F06D1D3F8002B42F080
:104440000052C3F8002B24E7D3F8002B42F080522F
:10445000C3F8002B1DE700BF0000F81F10B584460D
:1044600008464FEA920E02F00302002305E00CF525
:104470008051096840F8041B01337345F7D37AB1C2
:104480000CF5805CDCF800400021CBB2DB0024FAA4
:1044900003F300F8013B0131013A92B2002AF4D152
:1044A00010BD0B784A78012A14D000EB4310D0F8E5
:1044B000002B002A06DB2BB1D0F8003B23F0804311
:1044C000C0F8003BD0F8003B43F40013C0F8003BB9
:1044D0000020704700EB4310D0F80029002A06DBCB
:1044E0002BB1D0F8003923F08043C0F80039D0F860
:1044F000003943F40013C0F80039E9E70B784A7833
:10450000012A0ED000EB4310D0F8003B23F4001337
:10451000C0F8003B0B79023BDBB2012B15D9002020
:10452000704700EB4310D0F8003923F40013C0F8B3
:1045300000390B79023BDBB2012BF0D8D0F80039FF
:1045400043F08053C0F80039E9E7D0F8003B43F06E
:104550008053C0F8003BE2E7D0F8003823F4FE6354
:10456000C0F80038D0F80038090101F4FE610B43AF
:10457000C0F8003800207047D0F8003E23F0030355
:10458000C0F8003ED0F8043823F00203C0F8043825
:1045900000207047D0F8003E23F00303C0F8003E2F
:1045A000D0F8043843F00203C0F804380020704704
:1045B0004269806910407047D0F8183800F50060F3
:1045C000C0691840000C7047D0F8183800F500603A
:1045D000C069184080B2704700EB4111D1F8082B38
:1045E00000F50060406910407047D0F81028D0F8FE
:1045F000343801F00F0C23FA0CF3DB01DBB2134368
:1046000000EB411000F51060806818407047406969
:1046100000F00100704738B50546C36823F0C04379
:10462000C360012913D019BBC36843F08043C36042
:104630000024012001F064F901342846FFF7E7FF68
:1046400008B1312CF5D9322C14D0002038BDC36804
:1046500043F00053C3600024012001F051F90134FC
:104660002846FFF7D4FF0128EDD0312CF4D9EAE732
:104670000120EBE70120E9E7D0F800396FF30A03E6
:10468000C0F80039D0F8043843F48073C0F8043817
:104690000020704710B4046C154B9C4203D9D0F82D
:1046A000003B002B16DB0024C0F8104BD0F8104B59
:1046B00044F40024C0F8104BD0F8104B44F0180418
:1046C000C0F8104BD0F8104B44F0C044C0F8104B69
:1046D000012903D000205DF8044B7047C0F8142B6B
:1046E000D0F8003B43F08023C0F8003BF2E700BF66
:1046F0000A30544F002800F0E08170B582B00446C3
:10470000036813F0010F3BD09F4B9B6803F00C0331
:10471000042B2CD09C4B9B6803F00C03082B21D05E
:104720006368B3F5803F4FD0B3F5A02F52D0964BBE
:104730001A6822F480321A601A6822F480221A6001
:104740006368002B50D001F0D5F805468E4B1B68EE
:1047500013F4003F14D101F0CDF8401B6428F5D9C3
:104760000320B1E1884B5B6813F4800FD8D0864BEF
:104770001B6813F4003F03D06368002B00F09F8197
:10478000236813F0020F54D07F4B9B6813F00C0F7B
:104790003ED07D4B9B6803F00C03082B33D0E368BD
:1047A000002B68D0794B01221A6001F0A3F805466E
:1047B000754B1B6813F0020F54D101F09BF8401B9E
:1047C0000228F5D903207FE16F4A136843F4803350
:1047D0001360B5E76C4B1A6842F480221A601A68BD
:1047E00042F480321A60ABE701F084F80546664B6C
:1047F0001B6813F4003FC3D001F07CF8401B642811
:10480000F5D9032060E1604B5B6813F4800FC6D1DB
:104810005D4B1B6813F0020F03D0E368012B40F0DF
:104820005081594A136823F0F803216943EAC10310
:104830001360236813F0080F42D063696BB3534BC6
:104840000122C3F8802E01F055F805464E4B5B6FF0
:1048500013F0020F34D101F04DF8401B0228F5D9B6
:10486000032031E1484A136823F0F803216943EA41
:10487000C1031360DDE7454B00221A6001F03AF8EE
:104880000546414B1B6813F0020FD2D001F032F8FD
:10489000401B0228F5D9032016E13C4B0022C3F847
:1048A000802E01F027F80546374B5B6F13F0020F9F
:1048B00006D001F01FF8401B0228F5D9032003E1C0
:1048C000236813F0040F77D02F4B1B6C13F0805F1D
:1048D00033D1002301932C4B1A6C42F080521A649E
:1048E0001B6C03F080530193019B0125284B1B682F
:1048F00013F4807F23D0A368012B34D0052B38D04C
:10490000214B1A6F22F001021A671A6F22F004027B
:104910001A67A368002B3DD000F0ECFF06461A4B47
:104920001B6F13F0020F46D100F0E4FF801B41F231
:1049300088339842F3D90320C6E00025D6E7144A0D
:10494000136843F48073136000F0D4FF0646104BE5
:104950001B6813F4807FCED100F0CCFF801B0228AF
:10496000F5D90320B0E0084A136F43F00103136741
:10497000CFE7054B1A6F42F004021A671A6F42F034
:1049800001021A67C5E700BF003802400000474235
:104990000070004000F0AEFF0646524B1B6F13F054
:1049A000020F08D000F0A6FF801B41F28833984226
:1049B000F3D9032088E0EDB9A369002B00F08380D0
:1049C000484A926802F00C02082A51D0022B17D0F4
:1049D000454B00221A6600F08DFF0446414B1B68D0
:1049E00013F0007F42D000F085FF001B0228F5D9AC
:1049F000032069E03B4A136C23F080531364DBE728
:104A0000394B00221A6600F075FF0546354B1B68CE
:104A100013F0007F06D000F06DFF401B0228F5D98F
:104A2000032051E0E369226A1343626A43EA821376
:104A3000A26A5208013A43EA0243E26A43EA026385
:104A4000284A5360284B01221A6600F053FF04469F
:104A5000244B1B6813F0007F06D100F04BFF001BB6
:104A60000228F5D903202FE000202DE000202BE0C4
:104A7000012B2BD01B4B5B6803F48001E269914250
:104A800026D103F03F02216A8A4223D1616A47F6A8
:104A9000C0721A40B2EB811F1ED103F44031A26AEA
:104AA0005208013AB1EB024F18D103F07063E26A89
:104AB000B3EB026F14D1002006E001207047012003
:104AC00002E0012000E0002002B070BD0120FBE701
:104AD0000120F9E70120F7E70120F5E70120F3E7DE
:104AE0000120F1E7003802400000474208B5264B9C
:104AF0009B6803F00C03042B41D0082B41D1224BBF
:104B00005A6802F03F025B6813F4800F12D01E4B0C
:104B10005968C1F388111D480023A1FB0001FCF76F
:104B20007BF8194B5B68C3F3014301335B00B0FBB7
:104B3000F3F008BD144B5868C0F388104FEA401CCE
:104B4000BCEB000C6EEB0E0E4FEA8E1343EA9C6337
:104B50004FEA8C11B1EB0C0163EB0E03DB0043EA6F
:104B60005173C90011EB000C43F1000399020023BB
:104B70004FEA8C2041EA9C51FCF74EF8D1E70348FC
:104B8000D7E70348D5E700BF00380240001BB70055
:104B90000024F400002800F09B8070B50D46044608
:104BA0004F4B1B6803F007038B4208D2CBB24C4A31
:104BB0001370136803F007038B4240F08B80236867
:104BC00013F0020F17D013F0040F04D0454A936876
:104BD00043F4E0539360236813F0080F04D0414A74
:104BE000936843F4604393603E4A936823F0F00374
:104BF000A1680B439360236813F0010F32D0636800
:104C0000012B21D09A1E012A25D9364A126812F0AA
:104C1000020F61D033498A6822F0030213438B608C
:104C200000F068FE06462F4B9B6803F00C03626899
:104C3000B3EB820F16D000F05DFE801B41F288338B
:104C40009842F0D9032042E0264A126812F4003F4D
:104C5000E0D101203BE0234A126812F0007FD9D155
:104C6000012034E01E4B1B6803F00703AB4207D959
:104C7000EAB21B4B1A701B6803F00703AB422DD13D
:104C8000236813F0040F06D0164A936823F4E05308
:104C9000E1680B439360236813F0080F07D0114AB3
:104CA000936823F46043216943EAC1039360FFF7EB
:104CB0001DFF0C4B9B68C3F303130B4AD35CD84016
:104CC0000A4B18600A4B1868FEF71CF8002070BDEC
:104CD000012070470120FAE70120F8E70120F6E7FC
:104CE000003C024000380240C04D01086C0000202A
:104CF00068000020014B1868704700BF6C0000205E
:104D000008B5FFF7F7FF044B9B68C3F38223034A00
:104D1000D35CD84008BD00BF00380240B84D010840
:104D200008B5FFF7E7FF044B9B68C3F34233034A20
:104D3000D35CD84008BD00BF00380240B84D010820
:104D40000F2303600B4B9A6802F0030242609A68DB
:104D500002F0F00282609A6802F4E052C2609B683E
:104D6000DB0803F4E0530361034B1B6803F0070304
:104D70000B60704700380240003C024030B583B001
:104D80000446036813F0050F06D1236813F0020FE1
:104D90002ED1002003B030BD4A4B00229A6600F0AD
:104DA000A9FD0546484B1B6813F0006F06D000F0C4
:104DB000A1FD431B022BF5D90320EBE76268A36832
:104DC0001B0743EA8213404AC2F884303D4B01225C
:104DD0009A6600F08FFD05463B4B1B6813F0006F91
:104DE000D3D100F087FD431B022BF5D90320D1E777
:104DF00000230193344B1A6C42F080521A641B6CEE
:104E000003F080530193019B304A136843F480738D
:104E1000136000F06FFD05462C4B1B6813F4807F78
:104E200006D100F067FD431B022BF5D90320B1E743
:104E3000254B1B6F13F4407314D0E26802F44072E8
:104E40009A420FD0204B1A6F22F440721D49012064
:104E5000C1F8400E0020C1F8400E1A671B6F13F016
:104E6000010F13D1E36803F44072B2F5407F1ED006
:104E7000154A936823F4F813936013490B6FE268A3
:104E8000C2F30B0213430B67002083E700F032FDEF
:104E900005460D4B1B6F13F0020FE3D100F02AFD06
:104EA000401B41F288339842F3D9032072E7064948
:104EB0008A6822F4F81223F0704323F440731343FA
:104EC0008B60DAE700004742003802400070004083
:104ED000204BDB6813F0100F07D01F4AD36943F053
:104EE0001003D3611B4B1022DA601A4BDB6813F0FE
:104EF000200F07D0184AD36943F00803D361154B3C
:104F00002022DA60134BDB6813F0400F07D0124AFF
:104F1000D36943F00403D3610E4B4022DA600D4B9A
:104F2000DB6813F0800F07D00B4AD36943F002030C
:104F3000D361084B8022DA60064BDB6813F0020F66
:104F400007D0054AD36943F02003D361014B022205
:104F5000DA607047003C0240E02C00207047704748
:104F600010B53A4BDB6813F0F20F13D0384B1B78B7
:104F7000DBB2012B3BD0364B1B78DBB2022B3CD093
:104F8000334B5C69FFF7A4FF2046FFF7E8FF304B87
:104F900000221A702D4BDB6813F0010F13D02B4B3E
:104FA0000122DA602A4B1B78DBB2934228D0284BCF
:104FB0001B78DBB2022B41D0254B5869FFF7CEFF9F
:104FC000234B00221A70224B1B787BB91F4B1A69A6
:104FD00022F0FF021A611A6922F080721A611A69BE
:104FE00022F000721A611A4B00221A7610BD184B7B
:104FF000DC684FF0FF32DA60C4E7154B1C69C1E78B
:10500000134B5A68013A5A605B685BB1104CE06818
:10501000FFF7A4FFE3680133E360E068217A00F062
:1050200019F8D0E70A4B4FF0FF34DC6000221A7009
:1050300000F036F82046FFF791FFC4E700F030F8A3
:10504000034B1869FFF78AFFBAE700BF003C024034
:10505000E02C0020012905D0022906D039B14FF4F7
:10506000407104E04FF4807101E04FF400710B4B8C
:105070001A6922F440721A611A690A431A611A699C
:1050800022F0F8021A611A6942EAC00040F00200F8
:1050900018611A6942F480321A617047003C02407C
:1050A000164B1B6813F4007F10D0144B1A6822F4BF
:1050B00000721A601A6842F400621A601A6822F4D8
:1050C00000621A601A6842F400721A600B4B1B6887
:1050D00013F4806F10D0094B1A6822F480621A60B2
:1050E0001A6842F480521A601A6822F480521A60D8
:1050F0001A6842F480621A60704700BF003C0240A8
:1051000000230F2B00F2E98070B582B065E085685E
:105110004FEA430E032404FA0EF425EA0405CC6892
:1051200004FA0EF42C438460446824EA02044A68BA
:10513000C2F300129A40224342605CE0DC0808346B
:1051400050F8242003F00705AD004FF00F0E0EFAC3
:1051500005FE22EA0E0E0A69AA4042EA0E0240F853
:1051600024205CE0072200E0002202FA0EF22A432B
:1051700002345A4D45F82420594A94686FEA0C02CB
:1051800024EA0C054E6816F4801F01D04CEA040591
:10519000534CA560E46802EA04054E6816F4001F4B
:1051A00001D04CEA04054E4CE560646802EA04054F
:1051B0004E6816F4003F01D04CEA0405484C656087
:1051C000246822404D6815F4803F01D04CEA040267
:1051D000434C226001330F2B7DD801229A400C688A
:1051E00004EA020C32EA0404F4D14C6804F003042B
:1051F000013C012C8BD94A6802F00302032A09D032
:10520000C4685D000322AA4024EA02048A68AA4016
:105210002243C2604A6802F00302022A8ED0046868
:105220004FEA430E032202FA0EF224EA02044A680D
:1052300002F0030202FA0EF2224302604A6812F4FC
:10524000403FC7D000220192264A546C44F4804467
:105250005464526C02F480420192019A9C08A51C8D
:105260001E4A52F8255003F0030E4FEA8E0E0F220D
:1052700002FA0EF225EA02051B4A90423FF474AF8F
:1052800002F5806290421AD002F58062904218D0F6
:1052900002F58062904216D002F58062904214D0EE
:1052A00002F58062904212D002F58062904210D0E6
:1052B00002F5806290423FF455AF082255E7012283
:1052C00053E7022251E703224FE704224DE705226C
:1052D0004BE7062249E702B070BD70470038014035
:1052E000003C014000380240000002400AB18161E8
:1052F000704709048161704708B5054B5B6903423B
:1053000000D108BD024B586106F0D2F9F9E700BFA1
:10531000003C014030B405682C6824F480242C60E3
:10532000046863608368402B05D003689960036854
:10533000DA6030BC704703689A600368D960F8E7A8
:1053400010B40368D9B210390A4AA2FB014212090B
:10535000094CA25CC2655F2907D96FF309030433C6
:105360008365806D5DF8044B70476FF309038365B7
:10537000F7E700BFABAAAAAAB04D0108836A826909
:1053800092B9012B0AD0022B02D00BB1002070473A
:10539000C36A13F0807F28D100207047C36AB3F13D
:1053A000C07F24D000207047B2F5005F09D0022BE7
:1053B00025D9032B25D1C36A13F0807F23D1002088
:1053C0007047032B03D8DFE803F01404140A00200D
:1053D0007047C36A13F0807F0DD100207047C36A05
:1053E000B3F1C07F09D00020704701207047012031
:1053F000704701207047012070470120704701204D
:1054000070470020704701207047000070B50446C7
:1054100000F070FA002C5BD00546022384F835308A
:10542000002384F834302268136823F001031360EA
:1054300023681A6812F0010F0AD000F05BFA431BD0
:10544000052BF5D920236365032084F8350070BD52
:105450001A68204911406268A0680243E06802436C
:105460002069024360690243A0690243E069024384
:10547000206A02430A43616A04291ED01A60266822
:10548000756925F00705636A1D43042B07D1A36ADC
:105490001D43E36A1BB12046FFF770FF90B97561A9
:1054A0002046FFF74DFFE26D3F23934083600020CD
:1054B0006065012384F83530C9E7E16A206B014358
:1054C0000A43DBE740236365012084F83500BEE72B
:1054D0000120BCE73F8010F038B50446856D90F898
:1054E000340001282BD0012084F8340094F83500D2
:1054F000C0B2012804D0002384F83430022038BD23
:10550000022084F83500002060652046FFF702FF86
:10551000E26D3F239340AB602268136843F01603AB
:105520001360236C23B12268136843F008031360EF
:105530002268136843F0010313600020DFE70220B4
:10554000DDE770B50446866D00F0D4F994F8353087
:10555000DBB2022B06D080236365002384F834304D
:10556000012070BD05462268136823F016031360FE
:105570002268536923F080035361236CE3B12268EE
:10558000136823F0080313602268136823F00103F3
:10559000136023681B6813F0010F11D000F0AAF903
:1055A000431B052BF5D920236365032084F83500C0
:1055B000002384F83430D4E7A36C002BDFD1E3E779
:1055C000E26D3F239340B360012384F8353000201F
:1055D00084F83400C5E790F83530DBB2022B03D0F5
:1055E0008023436501207047052380F83530026829
:1055F000136823F00103136000207047F0B583B0F7
:10560000044600230193724B1D68724BA3FB0535C2
:10561000AD0A876D3E68C26D08239340334210D0B7
:1056200003681A6812F0040F0BD01A6822F0040203
:105630001A60C26D08239340BB60436D43F00103C1
:105640004365E26D01239340334209D022685269D9
:1056500012F0800F04D0BB60636D43F002036365FA
:10566000E26D04239340334209D02268126812F09D
:10567000020F04D0BB60636D43F004036365E26D09
:1056800010239340334224D02268126812F0080F8E
:105690001FD0BB6023681A6812F4802F0DD01B68DE
:1056A00013F4002F04D1236C9BB12046984710E0DF
:1056B000A36C73B1204698470BE01A6812F4807F00
:1056C00003D11A6822F008021A60236C0BB120463D
:1056D0009847E26D20239340334255D022681268E8
:1056E00012F0100F50D0BB6094F83530DBB2052BB0
:1056F0000ED023681A6812F4802F33D01B6813F47D
:10570000002F2AD1636C002B3ED0204698473BE007
:105710002268136823F0160313602268536923F08C
:1057200080035361236CA3B12268136823F008033C
:105730001360E26D3F239340BB60012384F8353052
:10574000002384F83430236D002B3FD02046984747
:105750003CE0A36C002BE7D1EBE7E36BA3B1204661
:10576000984711E01A6812F4807F09D11A6822F074
:1057700010021A60012384F83530002384F8343095
:10578000E36B0BB120469847636DFBB1636D13F07B
:10579000010F17D0052384F835302268136823F0F1
:1057A00001031360019B01330193AB4204D82368CA
:1057B0001B6813F0010FF5D1012384F83530002365
:1057C00084F83430E36C0BB12046984703B0F0BD49
:1057D0006C000020B5814E1B90F83500704700002A
:1057E000002808DB0901C9B200F1604000F5614002
:1057F00080F80013704700F00F000901C9B2014B97
:105800001954704714ED00E000B500F00700C0F136
:10581000070CBCF1040F28BF4FF0040C031D062B2E
:105820000FD9C31E4FF0FF3E0EFA0CF021EA000123
:1058300099400EFA03FE22EA0E0241EA02005DF8E8
:1058400004FB0023EEE70000074AD36823F4E0637B
:105850001B041B0C000200F4E060034343F0BF6331
:1058600043F40033D360704700ED00E010B5044608
:10587000054BD868C0F30220FFF7C6FF014620465B
:10588000FFF7AEFF10BD00BF00ED00E0002807DB12
:1058900000F01F02400901239340024A42F82030E1
:1058A000704700BF00E100E008B50B4B1A6842F4F6
:1058B00000721A601A6842F480621A601A6842F430
:1058C00080721A600320FFF7BFFF0F20FDF71AFA5E
:1058D000FDF7EEF9002008BD003C0240034A1168C4
:1058E000034B1B780B441360704700BF002D002052
:1058F00064000020014B1868704700BF002D002095
:1059000038B50446FFF7F6FF0546B4F1FF3F02D075
:10591000044B1B781C44FFF7EDFF401BA042FAD359
:1059200038BD00BF640000204A4B5A6822F4403260
:105930005A605A6841680A435A600268536823F4FF
:105940008073536002685368016943EA012353601E
:105950000268536823F0407353600268536881689B
:105960000B4353600268936823F4006393600268FA
:105970009368C1680B439360826A374B9A4257D051
:105980000268936823F07063936002689368816A89
:105990000B4393600268936823F04053936002685E
:1059A0009368C16A0B4393600268936823F0020313
:1059B000936002689368017E43EA4103936090F824
:1059C0002030002B3FD00268536843F400635360DB
:1059D0000268536823F46043536001684B68426A6D
:1059E000013A43EA42334B600268D36A23F47003FE
:1059F000D3620168CB6AC269013A43EA0253CB62BF
:105A00000268936823F4007393600268936890F8C7
:105A1000301043EA412393600268936823F4806363
:105A2000936002689368416943EA812393607047F9
:105A30000268936823F0706393600268936823F0B0
:105A400040539360B0E70268536823F400635360E7
:105A5000CAE700BF002301400100000F38B310B5B2
:105A60000446036C43B1236C13F0100F0BD00120DC
:105A7000002384F83C3010BDFBF734FC0023636442
:105A800084F83C30EFE7236C23F4885323F00203BF
:105A900043F0020323642046FFF746FF00206064C2
:105AA000236C23F0030343F001032364E0E70120A8
:105AB0007047000030B482B00022019290F83C2080
:105AC000012A00F0B6800346012280F83C200A68D3
:105AD000092A40D90468E06892B202EB42021E3AF9
:105AE0004FF0070C0CFA02F220EA0202E2601C6896
:105AF000E0680A8802EB42021E3A8D6805FA02F25B
:105B00000243E2604A68062A3CD81C68606B02EBDC
:105B10008202053A4FF01F0C0CFA02F220EA020250
:105B200062631C68606B4A6802EB8202053AB1F856
:105B300000C00CFA02F20243626318683E4A9042C7
:105B400050D018683C4A904255D0002083F83C0061
:105B500002B030BC70470468206992B202EB420286
:105B60004FF0070C0CFA02F220EA020222611C68D4
:105B700020690A8802EB42028D6805FA02F20243AC
:105B80002261BFE70C2A16D81D68286B02EB82023F
:105B9000233A1F2404FA02F220EA02022A631D6853
:105BA000286B4A6802EB8202233A0C8804FA02F25C
:105BB00002432A63C1E71D68E86A02EB8202413AA8
:105BC0001F2404FA02F220EA0202EA621D68E86A6F
:105BD0004A6802EB8202413A0C8804FA02F202435C
:105BE000EA62AAE70A68122AABD11448426842F472
:105BF00080024260A5E70A68103A012AA5D80F483A
:105C0000426842F4000242600A68102A9DD10C4AA0
:105C100012680C49A1FB0212920C02EB82025200A4
:105C2000019202E0019A013A0192019A002AF9D107
:105C30008BE702208CE700BF0020014000230140D9
:105C40006C00002083DE1B43002800F0A18038B5E3
:105C5000044690F82030D3B12268136843F0010362
:105C60001360FFF747FE054623685A6812F0010FDC
:105C700010D1FFF73FFE401B0A28F5D9636A43F4B1
:105C800000336362052384F82030012038BDFBF720
:105C900085FBE1E71A6822F002021A60FFF72AFE8C
:105CA000054623685A6812F0020F0DD0FFF722FE56
:105CB000401B0A28F5D9636A43F400336362052365
:105CC00084F820300120E1E7227E012A3DD01A68C5
:105CD00022F080021A60637E012B3BD02268136899
:105CE00023F040031360A37E012B39D02268136890
:105CF00023F020031360E37E012B37D02268136862
:105D000043F010031360237F012B35D02268136802
:105D100023F008031360637F012B33D022681368DC
:105D200023F004031360A368E2681343226913435A
:105D3000626913436268013A21681343CB61002012
:105D40006062012384F82030A0E71A6842F08002E4
:105D50001A60C0E72268136843F040031360C2E78B
:105D60002268136843F020031360C4E722681368B5
:105D700023F010031360C6E72268136843F008039A
:105D80001360C8E72268136843F004031360CAE78E
:105D90000120704790F82030013BDBB2012B05D980
:105DA000436A43F4802343620120704730B5464B79
:105DB000D3F8002242F00102C3F80022D3F80022F7
:105DC00022F47C52C3F80022D3F80022486A42EA47
:105DD0000022C3F800224A6902F01F02012000FAE3
:105DE00002F2D3F81C026FEA020C20EA0200C3F8A8
:105DF0001C02CB69C3B9344BD3F80C020CEA000087
:105E0000C3F80C028C884869CD6844EA05444830E0
:105E100043F830408C68088840EA04404C6904F13B
:105E2000480E03EBCE035860CB69012B1ED08B6963
:105E3000002B33D12448D0F804320CEA0303C0F815
:105E400004320B698BBB2048D0F814320CEA0303F0
:105E5000C0F814320B6A012B2ED01B4AD2F8003244
:105E600023F00103C2F80032002030BD164BD3F8F6
:105E70000C021043C3F80C028C8848690D6844EA90
:105E80000544483043F8304088894C698D6840EAC1
:105E90000540483403EBC4035860C8E70A48D0F80B
:105EA00004321343C0F80432CBE70748D0F8143269
:105EB0001343C0F81432CDE70349D1F81C32134321
:105EC000C1F81C32C9E700BF0064004070B5044649
:105ED00090F82050EDB2012D06D0436A43F4002320
:105EE00043620125284670BD022380F820300268F5
:105EF000136823F001031360FFF7FCFC06462368D8
:105F00005B6813F0010F0CD0FFF7F4FC831B0A2B26
:105F1000F5D9636A43F400336362052384F82030C3
:105F2000E0E700256562DDE730B590F820C0046841
:105F3000A4680CF1FF3C5FFA8CFCBCF1010F6BD83C
:105F400014F0E05F62D0C4F3016CBCF1020F05D91C
:105F5000436A43F400034362012062E0012404FA2F
:105F60000CF41C608B68002B3DD10D68CB68046875
:105F700043EA45550CF118031B01E55003680C6911
:105F80000CF1180E03EB0E135C600B7D012B35D06A
:105F9000D17993791B0443EA0163517943EA0123E0
:105FA00014790168234301EB0C11C1F88C31D178CD
:105FB00093781B0443EA0163517843EA0123117883
:105FC00002680B4302EB0C12C2F8883102680CF134
:105FD000180C4FEA0C1C52F80C3043F0010342F845
:105FE0000C3000201DE04C6843EAC403CC68234316
:105FF0000CF11804240105682B51BFE7036803EB7B
:106000000E13596841F480715960C1E7436A43F443
:1060100000134362012004E0436A43F48023436297
:10602000012030BD90F82030013BDBB2012B01D9BB
:10603000002070470368986810F0806000D001204D
:106040009A6812F0006F00D001309B6813F0805FF7
:10605000EFD00130704790F820C00CF1FF3C5FFAA0
:106060008CFCBCF1010F00F2958030B451B904688A
:10607000E46814F0030F10D1436A43F40013436241
:10608000012077E00468246914F0030F05D1436A06
:1060900043F40013436201206CE001F11B0424016E
:1060A00005682C5904F004049460002C64D101F1BB
:1060B0001B04240105682C59640D1460046801F167
:1060C0001B0C4FEA0C1C54F80C4004F00204D46082
:1060D00004686444646804F00F0414610468644450
:1060E0006468C4F307249461046864446468240CFD
:1060F0005461026802EB0112D2F8B8211A700268EA
:1061000002EB0112D2F8B821C2F307225A700268DA
:1061100002EB0112D2F8B821C2F307429A7002686A
:1061200002EB0112D2F8B821120EDA70026802EB0B
:106130000112D2F8BC211A71026802EB0112D2F8E6
:10614000BC21C2F307225A71026802EB0112D2F895
:10615000BC21C2F307429A71026802EB0112D2F825
:10616000BC21120EDA7179B90268D36843F02003BA
:10617000D360002030BC704701F11B042401056886
:106180002C59E408546099E70268136943F020032E
:106190001361EEE7436A43F48023436201207047B2
:1061A00090F82030013BDBB2012B01D90020704771
:1061B00021B90368D86800F00300704703681869C4
:1061C00000F00300704790F82030013BDBB2012B58
:1061D00005D9436A43F48023436201207047026873
:1061E00053690B43536100207047704770477047F5
:1061F00070477047704770477047704770477047E7
:106200002DE9F84F054603685C69D3F804809F6860
:10621000D3F80CA0D3F81090D3F818B014F00106FE
:106220003BD017F0010616D001229A6017F0020F3A
:1062300008D117F0040F0CD117F0080606D04FF460
:10624000805608E0FFF7D1FF002604E0FFF7D0FFFB
:1062500001E04FF4006617F4807F0DD02B684FF4F7
:1062600080729A6017F4007F40F0968017F4806F78
:1062700000F0968046F4005617F4803F0DD02B684E
:106280004FF480329A6017F4003F40F0938017F487
:10629000802F00F0938046F4004614F0080F07D0DA
:1062A0001AF0100F04D046F400762B681022DA6042
:1062B00014F0040F03D01AF0080F40F0898014F096
:1062C000020F05D02B68DB6813F0030F40F08780C6
:1062D00014F0400F07D019F0100F04D046F4806678
:1062E0002B6810221A6114F0200F02D019F0080F49
:1062F00079D114F0100F04D02B681B6913F0030F31
:1063000078D114F4003F02D018F0100F76D114F4B5
:10631000803F02D018F0080F77D114F4004F37D027
:1063200018F0040F31D014F4807F04D01BF0010F5B
:1063300001D046F0010614F4007F04D01BF0020FD8
:1063400001D046F0020614F4806F04D01BF0040F55
:1063500001D046F0040614F4006F16D01BF0700B49
:1063600013D0BBF1400F66D056D8BBF1200F5CD0E4
:10637000BBF1300F5CD0BBF1100F01D146F0080625
:106380002A68936923F0700393612B6804225A6092
:10639000002E56D1BDE8F88F2846FFF727FF6BE7A0
:1063A00017F4006F02D046F4804665E72846FFF7F1
:1063B00020FF61E72846FFF71AFF6EE717F4002F6A
:1063C00002D046F4803668E72846FFF713FF64E7FB
:1063D0002B680822DA602846FFF70DFF6FE7284692
:1063E00005F0BEFA74E72B6808221A612846FFF709
:1063F00003FF7EE7284605F0B8FA82E72B681022F3
:106400005A602846FFF7F9FE81E72B6808225A6098
:106410002846FFF7F3FE80E7BBF1500F0ED0BBF12B
:10642000600FADD146F48076AAE746F01006A7E7E4
:1064300046F02006A4E746F04006A1E746F08006B5
:106440009EE76B6A33436B622846FFF7D8FEA1E7ED
:1064500058B110B5044643791BB101236371002084
:1064600010BD0371FBF74AF8F7E70120704770B1E0
:1064700010B50446037933B1022323710020206153
:106480000123237110BD4371FBF772F8F4E701207B
:106490007047034608465979012924D010B54FF0BA
:1064A000010E83F805E0022119711C68216802F0D1
:1064B000100240F6FE7C0CFA02FC21EA0C0C01688A
:1064C00040680143914041EA0C0121601C68216849
:1064D000C02000FA02F221EA0202226083F804E0FE
:1064E0000020587110BD0220704790F83E30DBB29A
:1064F000402B10D00369B3F5804F1BD0036D002BE8
:1065000039D1436CC3F3C813026803F0060343F0A8
:10651000F00313617047036D2BB9436C026803F0FD
:10652000FE0313617047436C026843F00103DBB262
:106530001361704790F83D30DBB2212B0FD0436CD4
:10654000026843F00103DBB21361436B6BB1DB6B99
:106550005BB10268536843F4006353607047436C57
:10656000026803F0FE031361EFE7836B33B1DB6B6B
:10657000002BEED102E0036D012B00D07047436C7D
:10658000C3F3C813026803F0060343F0F103136179
:10659000F4E7436C0268DBB21361436B3BB1DB6B26
:1065A0002BB10268536843F4006353607047836BF8
:1065B000002BFBD0DB6B002BF3D1F7E710B48BB0D3
:1065C00090F83E30DAB2C16A046B90F83D30DBB22D
:1065D000222B0BD00023099303685A6909929B6907
:1065E0000993099B0BB05DF8044B7047036D0BB921
:1065F000402A17D0036D1BB90369B3F5404F19D07A
:10660000438D9BB2002B25D1029303685A690292F5
:106610009A690292029A1A6842F400721A60002380
:106620000365DFE7009303685A6900929B69009352
:10663000009BD7E70023019303685A6901929A6986
:106640000192019A1A6842F480721A60036D013354
:106650000365C7E7438D9BB2012B26D0438D9BB2C8
:10666000022B7CD00268136843F4806313600368D4
:106670005A6812F4006F0FD0202900F2AE8008296A
:10668000C0F0A7800839574ACA4012F0010F03D062
:106690005A6842F480525A600023089303685A698A
:1066A00008929B690893089BB9E711F5803F11D0C8
:1066B000082934D0202932D0122C2ED0042940D0E1
:1066C00002293ED010293CD00268136823F480636D
:1066D00013603BE00268136823F48063136003686F
:1066E0005A6812F4006F0CD01A6822F480621A60A3
:1066F0000023039303685A6903929B690393039BE6
:106700008DE7002204925A6904929A690492049ACD
:106710001A6842F400721A6081E70129D0D0026839
:10672000136823F4806313600023069303685A6997
:1067300006929A690692069A1A6842F400721A60E2
:106740006DE70268136843F48063136000230593C8
:1067500003685A6905929B690593059B5FE71029B9
:106760000AD8214BCB4013F0010F05D00268136803
:1067700043F48063136009E00268136823F48063C4
:1067800013600268136843F40063136003685A6877
:1067900012F4006F0DD0202917D8082912D3083918
:1067A000104ACA4012F0010F03D05A6842F48052D6
:1067B0005A600023079303685A6907929B690793FD
:1067C000079B2CE70129F4D1EFE711F5803FF0D1C9
:1067D000EBE701297FF460AF5AE711F5803F7FF4C2
:1067E0005BAF55E70101000114000100438D9BB22E
:1067F0005BB1426A036812781A61436A01334362EB
:10680000438D9BB2013B9BB243857047438D9BB246
:106810005BB103681A69436A1A70436A01334362C1
:10682000438D9BB2013B9BB24385704782B00023EE
:1068300001930E4B1B68DB080D4AA2FB03231B0AC6
:1068400003EB83030193019B013B0193019B33B154
:1068500003681B6813F4007FF5D1002004E0036C8B
:1068600043F020030364012002B070476C00002055
:1068700089B5F814C36AB3F52A0F04D0C36AB3F11B
:106880002A4F03D070470123C36270470823C362B5
:10689000F8E70000002800F0CC8070B5044690F8BE
:1068A0003D30002B77D0242384F83D3022681368D4
:1068B00023F0010313602268136843F4004313605C
:1068C0002268136823F400431360FEF719FA626824
:1068D0005A4B9A4264D85A4B98428CBF00230123EA
:1068E000002B40F0A8805749A1FB00318B0C256894
:1068F0006A6822F03F0242EA91426A6021680A6AAD
:1069000022F03F0266684D4DAE424FD8013313432B
:106910000B622168CA6922F44F4222F0FF026568C7
:10692000464B9D424CD8431E6D00B3FBF5F301333B
:1069300040F6FC70034278D0C3F30B031A43CA61DC
:1069400021680B6823F0C003E269206A0243134305
:106950000B6021688B6823F4034323F0FF03226953
:10696000E068024313438B602168CB6823F0FF0388
:106970006269A06902431343CB602268136843F045
:106980000103136000202064202384F83D3020633D
:1069900084F83E0070BD80F83C30FAF7BDFE82E717
:1069A000294B98428CBF0023012399E74FF4967539
:1069B00005FB03F3254DA5FB03539B090133A6E714
:1069C000A668BEB9431E05EB450CB3FBFCF30133CF
:1069D000C3F30B03B3FA83F35B0943BBC6B9431E8E
:1069E00005EB4505B3FBF5F30133C3F30B0343F4A8
:1069F0000043A3E7431E05EB850C0CEB8C0CB3FBAB
:106A0000FCF30133C3F30B03B3FA83F35B09E4E74D
:106A1000431E05EB850505EB8505B3FBF5F3013357
:106A2000C3F30B0343F4404388E7042386E70123C1
:106A300084E7012070470120ACE700BFA086010079
:106A40007F841E0083DE1B43FF083D00D34D621090
:106A50007047704708B590F83D30DAB2438D9BB26D
:106A600083B1416A036809781961436A013343625B
:106A7000438D9BB2013B9BB24385438D9BB20BB9C7
:106A8000292A00D008BD0268536823F4806353604C
:106A900021230363282380F83D30FFF7DAFFF1E775
:106AA000704708B590F83D30DAB2438D9BB283B1A0
:106AB00003681969436A1970436A01334362438D5D
:106AC0009BB2013B9BB24385438D9BB20BB92A2AF3
:106AD00000D008BD0268536823F48063536022230A
:106AE0000363282380F83D30FFF7DAFFF1E77047B2
:106AF00000B583B090F83D3003F02803282B0CD06C
:106B00000023019302685169019192690192019AEF
:106B100080F83C3003B05DF804FB0268536823F44E
:106B20008063536011F0040F0BD0002311F0800F2D
:106B300009D18289002180F83C101946FFF7D7FF60
:106B4000E8E70123F2E7028BF4E7704708B590F815
:106B50003D30DBB2C26A082A01D0202A01D1282B9D
:106B600006D0212B1ED003686FF480625A6108BDE5
:106B70001A4BC3620268536823F4E06353600368EE
:106B80006FF480625A610268136823F480631360B3
:106B900000230363202280F83D2080F83E30FFF779
:106BA000D4FFE4E70D4BC36221230363202380F865
:106BB0003D30002380F83E300268536823F4E063E0
:106BC000536003686FF480625A610268136823F4AB
:106BD00080631360FFF73DFFC9E700BF0000FFFFC0
:106BE000704708B5C26A90F83D30DBB2212B00D067
:106BF00008BD438D9BB263B1426A036812781A6183
:106C0000436A01334362438D9BB2013B9BB2438590
:106C1000EEE7082A04D0202A02D012F5803F19D1CD
:106C20000268536823F4E06353600268136843F416
:106C30000073136000230363202380F83D3090F835
:106C40003E30DBB2402B15D0002380F83E30FFF7FA
:106C5000FFFECDE70268536823F4E063536011231D
:106C60000363002380F83E30202380F83D30FFF797
:106C7000EFFEBDE7002380F83E30FFF7B1FFB7E736
:106C800008B590F83D30026D9AB9C36C012B08D05D
:106C9000836C0268C3F307231361036D013303653B
:106CA00008BD836C0268DBB21361036D02330365B8
:106CB000F6E7DBB2026D012A23D0026D022AEFD182
:106CC000222B26D0428D92B20AB1212B2AD0428D9E
:106CD00092B2002AE4D1212BE2D10268536823F456
:106CE000E06353600268136843F400731360002389
:106CF0000363202280F83D2080F83E30FFF770FFCC
:106D0000CEE7836C0268DBB21361036D0133036568
:106D1000C6E70268136843F480731360036D0133A0
:106D20000365BDE7426A036812781A61436A01335A
:106D30004362438D9BB2013B9BB24385B0E710B5E4
:106D400090F83D30DBB290F83E20D2B2C46A018D9B
:106D500000293BD1212B02D0402A42D010BD082C63
:106D600004D0202C02D014F5803F19D1026853685A
:106D700023F4E06353600268136843F40073136004
:106D800000230363202380F83D3090F83E30DBB2CF
:106D9000402B15D0002380F83E30FFF759FEDDE789
:106DA0000268536823F4E0635360112303630023F4
:106DB00080F83E30202380F83D30FFF749FECDE7D4
:106DC000002380F83E30FFF70BFFC7E7212BC3D12C
:106DD000438D9BB243B90268536823F480635360C8
:106DE000BCE7222BBAD1F3E790F83E30DBB2402B60
:106DF0000CD0426A036812781A61436A0133436215
:106E0000438D9BB2013B9BB24385A7E7FFF738FF59
:106E1000A4E708B5C26A438D9BB2042B14D0438DFE
:106E20009BB2032B22D0438D9BB2022B39D0036837
:106E30001A69436A1A70436A01334362438D9BB2F5
:106E4000013B9BB2438510E00268536823F48063E2
:106E5000536003681A69436A1A70436A01334362D4
:106E6000438D9BB2013B9BB2438508BD01684B68D3
:106E700023F480634B60042A06D0022A04D00268FF
:106E8000136823F48063136003681A69436A1A70F5
:106E9000436A01334362438D9BB2013B9BB24385FE
:106EA000E3E7013A0F2A40D8DFE802F008393F391A
:106EB0003F3F3F3F3F3F3F3F3F3F3F080268136830
:106EC00023F48063136003681A69436A1A70426A84
:106ED000531C4362438D9BB2013B9BB243850368C5
:106EE0001B695370436A01334362438D9BB2013B7C
:106EF0009BB243850268536823F440735360202398
:106F000080F83D3090F83E30DBB2402B13D00023A8
:106F100080F83E301223036304F0E2FBA5E7026829
:106F2000136843F480631360CDE70268136843F489
:106F300000731360C7E7002380F83E30036304F05A
:106F4000F9FB92E7704790F83D30DBB2222B00D07E
:106F5000704710B50446438D9BB2032B15D90368C7
:106F60001A69436A1A70436A01334362438D9BB2C4
:106F7000013B9BB24385438D9BB2032B0FD102682B
:106F8000536823F48063536009E0C26A022A01D087
:106F9000012B05D92268536823F48063536010BD28
:106FA000FFF744FC00282ED12268136823F4806385
:106FB00013602268536823F4E063536023681A69FE
:106FC000636A1A70636A01336362638D9BB2013B2B
:106FD0009BB26385202384F83D3094F83E30DBB2C9
:106FE000402B08D0002384F83E3012232363204630
:106FF00004F076FBD3E7002384F83E302363204679
:1070000004F098FBCBE72268536823F4E0635360F5
:1070100023681A69636A1A70636A01336362638D55
:107020009BB2013B9BB26385202384F83D30002353
:1070300084F83E302046FFF785FFB0E77047000038
:1070400000B583B000230193806B90F83D20D2B24D
:10705000324B1B68DB083249A1FB03131B0A03EB0D
:107060008303C3EBC3030193019B43B1019B013B2A
:10707000019303681B6813F4007FF5D103E0036CF0
:1070800043F020030364436B0BB10021D963836B8E
:107090000BB10021D96301680B6823F480630B6096
:1070A00000234385436B0BB100211965836B0BB142
:1070B0000021196501680B6823F001030B6090F84B
:1070C0003D30DBB2602B0ED002F02802282A14D00B
:1070D000202380F83D30002380F83E30FFF732FF58
:1070E00003B05DF804FB202380F83D30002380F8D6
:1070F0003E300364FFF7A2FFF2E70268136843F033
:10710000010313600268136843F480631360002373
:107110000363282380F83D30E0E700BF6C000020C7
:1071200089B5F81410B5044690F83D30DBB290F8FC
:107130003E20D2B2102A36D0402A34D003F02802A2
:10714000282A38D02268526812F4006F07D1602BC9
:1071500005D0202384F83D30002384F83E300023FE
:10716000236323685A6812F4006F48D05A6822F4E7
:1071700000625A60626B92F83530DBB2012B20D08E
:10718000444B1365606BFEF726FA002849D022684D
:10719000136823F001031360202384F83D30606BF3
:1071A000036D98473DE0222BC8D121680A6822F47C
:1071B00000620A60C2E700232363282384F83D307D
:1071C000CFE7A36B334A1A65A06BFEF704FA40B30E
:1071D00023685A6912F0400F05D01A69636A1A7061
:1071E000636A013363622268136823F0010313604A
:1071F000202384F83D30A06B036D984711E094F88C
:107200003D20D2B2602A1FD05A6912F0400F05D03B
:107210001A69636A1A70636A013363622046FFF772
:1072200091FE236C13F00F0F04D02268536823F4EF
:10723000E063536094F83D30DBB2226C12F0040F2F
:1072400001D0282B18D010BD202284F83D20002228
:1072500022645A6912F0400F05D01A69636A1A70E5
:10726000636A013363622268136823F001031360C9
:107270002046FFF7E3FED4E7074BE36200232363D6
:10728000202284F83D2084F83E302046FFF75DFC44
:10729000D9E700BF417000080000FFFF30B583B0A0
:1072A000044690F83D50EDB20268536823F4E06361
:1072B00053600023019303685A6901921A6842F0EF
:1072C00001021A60019B0268136823F48063136053
:1072D00003685A6812F4006F38D0222D21D02A2D6D
:1072E0001FD0426B1268526892B24285428D92B2B0
:1072F0001AB1026C42F0040202645A6822F400627D
:107300005A60606BFEF768FA01281FD0636B444A2D
:107310001A65606BFEF75FF9C0B1606B036D98474B
:1073200014E0A26B1268526892B26285628D92B2CA
:107330001AB1226C42F0040222645A6822F40062FC
:107340005A60A06BFEF748FA012842D1638D9BB2C8
:1073500033B323685A6912F0040F0AD01A69636ABA
:107360001A70636A01336362638D9BB2013B9BB207
:10737000638523685A6912F0400F0AD01A69636A5C
:107380001A70636A01336362638D9BB2013B9BB2E7
:107390006385638D9BB21BB1236C43F004032364AC
:1073A000236C13BB2A2D25D094F83D30DBB2282B5B
:1073B00029D0236B222B01D0222D19D10023236346
:1073C000202284F83D2084F83E302046FFF768FBF9
:1073D0000EE0A36B124A1A65A06BFEF7FCF80028BA
:1073E000B4D0A06B036D9847B0E72046FFF79AFE34
:1073F00003B030BD00232363282384F83D302046AA
:10740000FFF74EFBD0E7074BE36200232363202204
:1074100084F83D2084F83E302046FFF796FBE7E7EE
:10742000417000080000FFFFF8B504460268556887
:10743000C66A90F83E30DBB290F83D10C8B2102B0F
:1074400013D0402B11D0236C002B7AD0536900212C
:1074500013F0020F78D015F4007F75D0236C03B1C0
:1074600091692046FFF744FBF8BDD2F818C0516976
:1074700011F0010705D1B6F52A0FF5D0B6F12A4F64
:10748000F2D017B115F4007F29D111F0080F02D006
:1074900015F4007F2AD111F0020F02D015F4007FFD
:1074A00028D11CF0040F31D0526812F4006FDBD1E8
:1074B00011F0800F05D015F4806F02D011F0040F89
:1074C0001CD011F0040FCFD015F4007FCCD02128B0
:1074D00018D0402BC8D12046FFF7D2FBC4E7204686
:1074E000FFF7C8F92046FFF700F8BDE72046FFF791
:1074F00050F8B9E72046FFF761F8B5E72046FFF7F7
:107500001EFCB1E72046FFF76CFBADE7536813F4B0
:10751000006FA9D111F0400F05D015F4806F02D093
:1075200011F0040F09D011F0040F9DD015F4007F65
:107530009AD02046FFF76DFC96E72046FFF703FD43
:1075400092E79169536983E713F0100F02D015F4A5
:10755000007F18D121281AD0292818D013F0400F05
:1075600005D015F4806F02D013F0040F28D013F06B
:10757000040F3FF479AF15F4007F3FF475AF204658
:10758000FFF744F970E72046FFF788FE6CE713F039
:10759000800F05D015F4806F02D013F0040F0BD0CC
:1075A00013F0040F3FF460AF15F4007F3FF45CAFBD
:1075B0002046FFF71BF957E72046FFF74BFA53E742
:1075C0002046FFF76EFA4FE7F8B5044603685D6999
:1075D0005F6890F83E20D2B2C5F3002615F4807F94
:1075E00008D0C7F3002617F4807F03D06FF48071B2
:1075F0005961012615F4007F08D017F4807F05D06B
:1076000046F0020623686FF40071596115F4806F2B
:1076100019D017F4807F16D0638D99B294F83D305D
:10762000DBB2206B202A1BD023686FF48061596184
:1076300046F00406102A01D0402A04D122681368BB
:1076400043F40073136015F4006F17D017F4807FB4
:1076500014D046F0080623686FF400625A610EE009
:107660000029E1D1212B05D0292B03D0282BDBD1F8
:107670002128D9D12046FFF769FAE4E72EB1236C1F
:10768000334323642046FFF74DFDF8BD98B110B594
:10769000044643795BB1022363712268136843F0A7
:1076A00004031360012363710020A06010BD037107
:1076B000FAF71CF9EFE70120704738B50446026875
:1076C000D36823F0A003D360FEF714F905462368BE
:1076D000DB6813F0200F07D1FEF70CF9401BB0F563
:1076E0007A7FF4D9032000E0002038BD70B503682C
:1076F000DA6812F0400F02D00025284670BD04461B
:10770000DA6842F08002DA60FEF7F4F806460025F7
:107710002368DB6813F0400FEFD1002DEDD1FEF7A9
:10772000E9F8831BB3F57A7FF2D904236377012547
:10773000EEE70268D36823F08003D36003689B6898
:1077400013F0200F01D00020704710B50446FFF75A
:10775000B4FF10B104236377012010BD002842D08C
:1077600010B50446437F7BB1022363772368CA22A6
:107770005A62236853225A622046FFF7B7FF38B196
:107780002368FF225A6210BD0377FAF7E1F8EBE7AE
:107790002268936823F4E00323F040039360216898
:1077A0008A686368206903436069034313438B60FD
:1077B0002368E2681A6122681369A16843EA0143F9
:1077C00013612046FFF7B5FF0028D9D12268136C5A
:1077D00023F4802313642268136CA1690B431364A0
:1077E00001236377CCE70120704700002DE9F047C3
:1077F00082B00546884617461E46FEF77BF80A9B70
:107800001B1A03EB0609FEF775F88246284B1B6826
:10781000C3F3CB3309FB03F301932B689C6838EA6D
:1078200004040CBF01230023BB423DD0B6F1FF3F4F
:10783000F3D0FEF75FF8A0EB0A00484507D2019AA3
:1078400002B14A46019B013B01939146E5E72A6854
:10785000536823F0E00353606B68B3F5827F0BD06D
:10786000AB6AB3F5005F14D0012385F851300023D3
:1078700085F85030032018E0AB68B3F5004F02D014
:10788000B3F5806FECD12A68136823F040031360CE
:10789000E6E72A68136823F4005313602A68136824
:1078A00043F400531360DFE7002002B0BDE8F08727
:1078B0006C00002010B584B00446164B1868164BB7
:1078C000A3FB0030400D4FF47A7303FB00F00390EC
:1078D0006368B3F5827F0BD0039BBBB1039B013B75
:1078E000039323689B6813F0800FF5D100200EE00E
:1078F00000920B46002280212046FFF777FF30B12F
:10790000636D43F020036365032000E0002004B0B2
:1079100010BD00BF6C000020819F5E1600285AD069
:1079200010B50446436A33B94368B3F5827F05D086
:107930000023C36102E00023036143610023A362CB
:1079400094F85130002B40D0022384F85130226843
:10795000136823F040031360636803F48273A26822
:1079600002F404421343E26802F400621343226902
:1079700002F002021343626902F001021343A2699A
:1079800002F400721343E26902F038021343226AE0
:1079900002F080021343A26A02F4005221681343EA
:1079A0000B60638B03F00403626A02F0100221682B
:1079B00013434B602268D36923F40063D361002032
:1079C0006065012384F8513010BD84F850302046A2
:1079D000FAF72AF8B8E7012070472DE9F04383B0A1
:1079E0001F460A9D90F85030012B00F0108104468C
:1079F00088469146012380F85030FDF77BFF06460C
:107A000094F85130DBB26268012B0AD0B2F5827F64
:107A100040F0E380A268002A40F0E980042B40F0A7
:107A2000E880B8F1000F00F0E680B9F1000F00F037
:107A3000E480002F00F0E38094F85130DBB2042B97
:107A400002D0052384F8513000236365C4F83890D0
:107A5000E787A787C4F83080E786A7862364636436
:107A600023681A6812F0400F03D11A6842F04002EE
:107A70001A60E368B3F5006F11D063680BB1012F92
:107A80000BD1226B236812781A73236B01332363A3
:107A9000E38E9BB2013B9BB2E38601276BE06368F8
:107AA0000BB1012F0BD1226B23681288DA60236B94
:107AB00002332363E38E9BB2013B9BB2E386012733
:107AC0001CE023689A6812F0010F0ED0E28F92B288
:107AD0005AB1DA68A36B1A80A36B0233A363E38FF6
:107AE0009BB2013B9BB2E3870127FDF703FF801B9D
:107AF000A84203D3B5F1FF3F40F08380E38E9BB2F1
:107B00001BB9E38F9BB2002B53D023689A6812F005
:107B1000020FD6D0E28E92B2002AD2D0002FD0D05F
:107B2000226B1288DA60236B02332363E38E9BB2ED
:107B3000013B9BB2E3860027C3E723689A6812F0F3
:107B4000010F0ED0E28F92B25AB1DA68A36B1A70AD
:107B5000A36B0133A363E38F9BB2013B9BB2E3872B
:107B60000127FDF7C7FE831BAB4202D3B5F1FF3FF0
:107B700049D1002D49D0E38E9BB213B9E38F9BB25C
:107B8000BBB123689A6812F0020FD6D0E28E92B28F
:107B9000002AD2D0002FD0D0226B12781A73236B18
:107BA00001332363E38E9BB2013B9BB2E386002744
:107BB000C3E7324629462046FFF77CFE48B9A36852
:107BC00063B901932368DA6801929B680193019B72
:107BD00004E020236365012000E00220012384F8F3
:107BE0005130002384F8503003B0BDE8F083022008
:107BF000F4E70220F2E70120F0E70120EEE70120A0
:107C0000ECE70320EAE70320E8E70320E6E70220A9
:107C1000EAE7704730B585B004460268516893685A
:107C2000C3F3801013F0400F05D113F0010F02D001
:107C300011F0400F69D113F0020F02D011F0800F44
:107C400067D1C3F3401513F0200F03D110B913F41B
:107C5000807F61D011F0200F5ED078B194F8510090
:107C6000C0B203285AD0606D40F004006065002067
:107C70000090D068009090680090009865B1606DA9
:107C800040F001006065002002909068029010684A
:107C900020F040001060029A13F4807F09D0636DD9
:107CA00043F0080363650023039323689B680393F1
:107CB000039B636D002B2FD02268536823F0E003F1
:107CC0005360012384F8513011F0030F2ED0226845
:107CD000536823F003035360E36C4BB1154A1A65F4
:107CE000E06CFDF778FC18B1636D43F04003636509
:107CF000A36C8BB10F4A1A65A06CFDF76CFC58B1F0
:107D0000636D43F04003636506E0236C20469847AB
:107D100002E0636C2046984705B030BD0023019314
:107D2000D368019393680193019BF5E72046FFF721
:107D300070FFF1E7397D000808B5806B0023C38729
:107D4000C386FFF766FF08BD30B4036A23F0010362
:107D50000362036A4268846924F0730C0C6844EA85
:107D60000C0423F0020C8B6843EA0C03114DA8426B
:107D700003D005F58065A84205D123F00803CD683E
:107D80002B4323F004030B4DA84203D005F5806577
:107D9000A84207D122F440724D6945EA020C8A6973
:107DA00042EA0C02426084614A684263036230BC6A
:107DB000704700BF0000014030B4036A23F48073B1
:107DC0000362036A4268C46924F0730C0C6844EAD5
:107DD0000C0523F400738C6843EA0423114CA04281
:107DE00003D004F58064A04206D123F40063CC687C
:107DF00043EA042323F480630A4CA04203D004F531
:107E00008064A04207D122F440524C6942EA041235
:107E10008C6942EA04124260C5614A68C263036227
:107E200030BC70470000014030B4036A23F4805333
:107E30000362036A4468C26922F4E6420D6842EABA
:107E4000052223F400538D6843EA0533094DA84207
:107E500003D005F58065A84204D124F480444D691F
:107E600044EA85144460C2614A680264036230BC1B
:107E7000704700BF0000014010B4036A046A24F098
:107E800001040462846924F0F00C4CEA021223F02D
:107E90000A030B43826103625DF8044B704710B420
:107EA000036A23F0100303628469036A24F4704CAC
:107EB0004CEA023223F0A00343EA01138261036219
:107EC0005DF8044B7047836823F070030B4343F065
:107ED000070383607047000090F83D30DBB2012B50
:107EE00037D1022380F83D300268D36843F00103A4
:107EF000D3600368194A934220D0B3F1804F1DD05C
:107F0000A2F57C42934219D002F58062934215D0CB
:107F100002F58062934211D002F5784293420DD06F
:107F200002F57052934209D0A2F59432934205D0E3
:107F30001A6842F001021A60002070479A6802F045
:107F40000702062A07D01A6842F001021A600020D0
:107F50007047012070470020704700BF00000140BB
:107F60007047704770477047704710B50446036804
:107F70001A6912F0020F11D0DA6812F0020F0DD058
:107F80006FF002021A610123037703689B6913F003
:107F9000030F70D0FFF7E7FF0023237723681A69E8
:107FA00012F0040F12D0DA6812F0040F0ED06FF046
:107FB00004021A610223237723689B6913F4407F2C
:107FC0005FD02046FFF7CFFF0023237723681A698D
:107FD00012F0080F12D0DA6812F0080F0ED06FF00E
:107FE00008021A61042323772368DB6913F0030F67
:107FF0004ED02046FFF7B7FF0023237723681A6986
:1080000012F0100F12D0DA6812F0100F0ED06FF0CD
:1080100010021A61082323772368DB6913F4407F79
:108020003DD02046FFF79FFF0023237723681A697E
:1080300012F0010F03D0DA6812F0010F36D1236875
:108040001A6912F0800F03D0DA6812F0800F34D171
:1080500023681A6912F0400F03D0DA6812F0400F5B
:1080600032D123681A6912F0200F03D0DA6812F0B7
:10807000200F30D110BDFFF775FF204603F05CFAEA
:108080008AE72046FFF76EFF204603F055FA9BE78C
:108090002046FFF767FF204603F04EFAACE7204684
:1080A000FFF760FF204603F047FABDE76FF00102DB
:1080B0001A612046F8F746FFC1E76FF080021A61A7
:1080C000204600F059FBC3E76FF040021A612046DA
:1080D000FFF74AFFC5E76FF020021A61204600F063
:1080E0004AFBC7E70368304A904212D0B0F1804F94
:1080F0000FD0A2F57C4290420BD002F580629042F4
:1081000007D002F58062904203D002F57842904297
:1081100003D123F070034A681343234A90422AD0C4
:10812000B0F1804F27D0A2F57C42904223D002F5D7
:10813000806290421FD002F5806290421BD002F50F
:108140007842904217D002F57052904213D002F557
:10815000806290420FD002F5806290420BD0A2F56F
:108160009832904207D002F58062904203D002F527
:108170008062904203D123F44073CA68134323F012
:1081800080034A69134303608B68C3620B68836290
:10819000054B984203D003F58063984201D10B69E7
:1081A00003630123436170470000014040B310B5F1
:1081B000044690F83D30F3B1022384F83D30214667
:1081C00051F8040BFFF78EFF012384F8463084F842
:1081D0003E3084F83F3084F8403084F8413084F8F1
:1081E000423084F8433084F8443084F8453084F8D1
:1081F0003D30002010BD80F83C30F9F7EBFCDBE7A8
:108200000120704740B310B5044690F83D30F3B1FB
:10821000022384F83D30214651F8040BFFF762FF3A
:10822000012384F8463084F83E3084F83F3084F8E7
:10823000403084F8413084F8423084F8433084F888
:10824000443084F8453084F83D30002010BD80F87B
:108250003C30FFF785FEDBE70120704740B310B5E7
:10826000044690F83D30F3B1022384F83D302146B6
:1082700051F8040BFFF736FF012384F8463084F8E9
:108280003E3084F83F3084F8403084F8413084F840
:10829000423084F8433084F8443084F8453084F820
:1082A0003D30002010BD80F83C30FFF75AFEDBE780
:1082B0000120704730B4036A23F010030362036A9D
:1082C0004468826922F4E6420D6842EA052223F0FE
:1082D00020038D6843EA0513114DA84203D005F52C
:1082E0008065A84206D123F08003CD6843EA0513D8
:1082F00023F040030A4DA84203D005F58065A8424B
:1083000007D124F440644D6944EA85048D6944EA48
:108310008504446082614A688263036230BC7047AE
:108320000000014090F83C30012B28D010B50446E5
:10833000012380F83C300C2A1CD8DFE802F0071B30
:108340001B1B0C1B1B1B111B1B1B16000068FFF7C4
:10835000FBFC00200FE00068FFF7ACFF00200AE004
:108360000068FFF729FD002005E00068FFF75CFDCD
:10837000002000E00120002384F83C3010BD0220E2
:10838000704738B590F83C30012B66D004460D4656
:10839000012380F83C300C2A5AD8DFE802F0075954
:1083A00059591B5959593059595944000068FFF718
:1083B000CBFC2268936943F00803936122689369B8
:1083C00023F0040393612268936929690B43936145
:1083D00000203EE00068FFF76DFF2268936943F4D8
:1083E000006393612268936923F480639361226838
:1083F0009369296943EA01239361002029E0006819
:10840000FFF7DAFC2268D36943F00803D3612268DE
:10841000D36923F00403D3612268D36929690B432C
:10842000D361002015E00068FFF7FEFC2268D369E5
:1084300043F40063D3612268D36923F48063D3617A
:108440002268D369296943EA0123D361002000E04F
:108450000120002384F83C3038BD0220FCE710B432
:10846000846824F47F4C42EA03220A4342EA0C0265
:1084700082605DF8044B704790F83C30012B78D057
:1084800010B50446012380F83C30022380F83D30CB
:108490000268936823F47F4323F0770393600B68AB
:1084A000602B4CD023D8402B54D011D8202B03D094
:1084B0000AD80BB1102B05D119462068FFF703FD30
:1084C000002028E0012026E0302BF5D0012022E01A
:1084D000502B0AD1CA6849680068FFF7CDFC5021CB
:1084E0002068FFF7F0FC002015E0012013E0B3F551
:1084F000805F3AD0B3F5005F14D0702B37D1CB68D2
:108500004A6889680068FFF7AAFF2268936843F009
:10851000770393600020012384F83D30002384F822
:108520003C3010BDCB684A6889680068FFF797FF48
:108530002268936843F4804393600020EBE7CA68A5
:1085400049680068FFF7ABFC60212068FFF7BBFCBF
:108550000020E0E7CA6849680068FFF78DFC402109
:108560002068FFF7B0FC0020D5E70020D3E701200A
:10857000D1E70220704701F01F014FF0010C0CFA07
:1085800001FC036A23EA0C030362036A8A40134373
:108590000362704710B504460846002942D194F89A
:1085A0003E30DBB2013B18BF0123002B6ED1002807
:1085B00051D1022384F83E30012201462068FFF7A2
:1085C000DAFF2368334A934203D002F58062934274
:1085D00003D15A6C42F400425A6423682D4A9342F4
:1085E00049D0B3F1804F46D0A2F57C42934242D0AD
:1085F00002F5806293423ED002F5806293423AD007
:1086000002F57842934236D002F57052934232D04E
:10861000A2F5943293422ED01A6842F001021A60F9
:10862000002032E0042908D008290DD094F8413008
:10863000DBB2013B18BF0123B7E794F83F30DBB250
:10864000013B18BF0123B0E794F84030DBB2013B97
:1086500018BF0123A9E7042805D0082807D0022362
:1086600084F84130A8E7022384F83F30A4E70223CE
:1086700084F84030A0E79A6802F00702062A07D083
:108680001A6842F001021A60002010BD0120FCE7C8
:108690000020FAE70000014090F83C20012A3DD07C
:1086A00010B40346012280F83C20022280F83D20CD
:1086B00002685068946820F0700C086840EA0C006A
:1086C00050601A68164882421AD0B2F1804F17D013
:1086D000A0F57C40824213D000F5806082420FD02A
:1086E00000F5806082420BD000F57840824207D0CE
:1086F00000F57050824203D0A0F59430824204D13C
:1087000024F08004496821439160012283F83D20D0
:10871000002083F83C005DF8044B7047022070474E
:1087200000000140024690F83C30012B21D001238B
:1087300080F83C30CB6823F440738868034323F40B
:1087400080634868034323F400630868034323F409
:1087500080530869034323F400534869034323F417
:108760008043C9690B4311684B64002082F83C00C8
:1087700070470220704770477047026802F10C038F
:1087800053E8003F23F0C0030C3242E800310029D7
:10879000F3D1202380F83D307047026802F10C03CA
:1087A00053E8003F23F490730C3242E80031002973
:1087B000F3D1026802F1140353E8003F23F00103F0
:1087C000143242E800310029F3D1036B012B05D0AC
:1087D000202380F83E30002303637047026802F1D3
:1087E0000C0353E8003F23F010030C3242E8003141
:1087F0000029F3D1ECE790F83D30DBB2212B01D01A
:10880000022070478368B3F5805F17D0036A5A1C53
:1088100002621A7803685A60C38C9BB2013B9BB218
:10882000C3844BB90268D36823F08003D360026825
:10883000D36843F04003D360002070470369002BE6
:10884000E4D1036A1B880268C3F308035360036A18
:1088500002330362E0E7000010B5044602681369C2
:1088600023F44053C1680B431361836802691A43C0
:1088700043691A43C3691A430168CB6823F416435A
:1088800023F00C031343CB600268536923F4407355
:1088900081690B4353610368314A934206D002F564
:1088A0008062934202D0FCF72BFA01E0FCF738FA21
:1088B000E369B3F5004F29D00021031849411B1883
:1088C00041F10001C90041EA5371DB0018186368E7
:1088D0004FEA83024FEA937341F10001F8F79CF9E4
:1088E000204AA2FB00314909642303FB11031B0149
:1088F0003233A2FB03235B0903F0F00202EB011207
:1089000003F00F03216813448B6010BD002302188D
:1089100043EB0301121841F10001C90041EA527111
:10892000D200101841F10001626892185B41F8F71B
:1089300073F90C4AA2FB00314909642303FB1103BC
:10894000DB003233A2FB03235B095A0002F4F87206
:1089500002EB011203F00703216813448B60D4E794
:10896000001001401F85EB512DE9F84305460F46E5
:1089700016469946DDF820802B681C6837EA040407
:108980000CBF01240024B4422DD1B8F1FF3FF3D035
:10899000B8F1000F05D0FCF7ADFFA0EB0900404592
:1089A000EAD92A6802F10C0353E8003F23F4D0739C
:1089B0000C3242E800310029F3D12A6802F1140395
:1089C00053E8003F23F00103143242E8003100294C
:1089D000F3D1202385F83D3085F83E30002385F81B
:1089E0003C30032000E00020BDE8F88358B310B508
:1089F000044690F83D300BB3242384F83D302268C0
:108A0000D36823F40053D3602046FFF725FF226884
:108A1000136923F4904313612268536923F02A03F6
:108A200053612268D36843F40053D360002020646C
:108A3000202384F83D3084F83E3010BD80F83C306F
:108A4000F9F758FCD8E7012070472DE9F04182B0D2
:108A50001E4690F83D30DBB2202B54D104460D4623
:108A60009046002953D0002A53D090F83C30012B77
:108A700051D0012380F83C3000230364212380F887
:108A80003D30FCF737FF0746A4F82480A4F8268081
:108A9000A368B3F5805F05D04FF00008002384F889
:108AA0003C3012E0236913B14FF00008F6E7A84606
:108AB0000025F3E738F8023B2268C3F3080353604C
:108AC000E28C92B2013A92B2E284E38C9BB273B12F
:108AD00000963B46002280212046FFF745FFE0B983
:108AE000002DE7D015F8012B23685A60E8E70096BF
:108AF0003B46002240212046FFF736FF78B920236D
:108B000084F83D3000E0022002B0BDE8F081012091
:108B1000FAE70120F8E70220F6E70320F4E7032054
:108B2000F2E790F83D30DBB2202B19D1D1B1DAB1A8
:108B300090F83C30012B19D0012380F83C300162C1
:108B40008284C28400230364212280F83D2080F8BF
:108B50003C300168CA6842F08002CA60184670471B
:108B600002207047012070470120704702207047A3
:108B700038B5134690F83D20D2B2202A37D10446AA
:108B8000002936D0002B36D090F83C20012A34D072
:108B9000012280F83C2001628384C384002505649F
:108BA000212280F83D20426B1548D063626B154846
:108BB0001064626B1448D064626B156522680432DD
:108BC000606BFCF789FC23686FF040021A6084F840
:108BD0003C50226802F1140353E8003F43F0800345
:108BE000143242E800310029F3D1002000E00220D5
:108BF00038BD0120FCE70120FAE70220F8E700BFBA
:108C00000F8C0008778C0008858C0008704708B529
:108C10000346806B1B681B6813F4807F1AD1002306
:108C2000C384026802F1140353E8003F23F0800379
:108C3000143242E800310029F3D1026802F10C033A
:108C400053E8003F43F040030C3242E80031002972
:108C5000F3D108BDFFF7DAFFFBE708B50168CA6882
:108C600022F04002CA60202280F83D20FFF7CEFFAC
:108C7000002008BD704708B5806BFFF7FBFF08BDFB
:108C80007047704710B5846B23685A6994F83D307B
:108C9000DBB2212B10D023685A6902F0400294F80D
:108CA0003E30DBB2222B11D0236C43F0100323643F
:108CB000204602F0F7FE10BD02F08002002AEAD042
:108CC0000023E3842046FFF758FDE4E7002AEBD0B9
:108CD0000023E3852046FFF760FDE5E708B5806BDC
:108CE0000023C385C38402F0DDFE08BD90F83E304A
:108CF000DBB2222B67D18368B3F5805F4DD0826AE7
:108D0000B3F5805F04D0002B54D10369002B51D1FF
:108D100003685B681370836A01338362C38D9BB2FF
:108D2000013B9BB2C385002B4FD100B583B00268D5
:108D3000D36823F02003D3600268D36823F48073E0
:108D4000D3600268536923F001035361202380F844
:108D50003E30036B012B33D100230363026802F121
:108D60000C0353E8003F23F010030C3242E80031BB
:108D70000029F3D103681A6812F0100F06D0002200
:108D800001921A6801925B680193019B818D02F048
:108D900053FE002003B05DF804FB0269002AAED147
:108DA000826A03685B68C3F308031380836A023333
:108DB0008362B3E703685B6803F07F031370AAE77D
:108DC000FFF75EFFE5E702207047002070470000D4
:108DD00010B582B0044602681368D068516913F078
:108DE0000F0F09D113F0200F0CD010F0200F09D075
:108DF0002046FFF77BFF16E011F0010115D110F4BA
:108E0000907F12D1216B012979D013F0800F03D00C
:108E100010F0800F40F0108113F0400F03D010F0DD
:108E2000400F40F00D8102B010BD13F0010F06D0CD
:108E300010F4807F03D0226C42F00102226413F010
:108E4000040F04D019B1226C42F00202226413F024
:108E5000020F04D019B1226C42F00402226413F014
:108E6000080F07D010F0200F00D119B1226C42F08A
:108E700008022264226C002AD5D013F0200F02D001
:108E800010F0200F29D123685B6903F04003226CA6
:108E900012F0080F00D163B32046FFF77EFC236871
:108EA0005B6913F0400F20D0226802F1140353E8ED
:108EB000003F23F04003143242E800310029F3D18F
:108EC000A36B73B1604A1A65A06BFCF784FB0028A2
:108ED000A9D0A06B036D9847A5E72046FFF706FFD2
:108EE000D1E7204602F0DEFD9DE7204602F0DAFDE4
:108EF00099E7204602F0D6FD0023236493E713F0A0
:108F0000100F82D010F0100F3FF47FAF00230193B9
:108F10001368019353680193019B536913F0400F49
:108F200050D0A26B13685B689BB2002B3FF47BAF01
:108F3000A18D99427FF677AFE385D369B3F5807F42
:108F400037D0226802F10C0353E8003F23F480730A
:108F50000C3242E800310029F3D1226802F11403F7
:108F600053E8003F23F00103143242E800310029A6
:108F7000F3D1226802F1140353E8003F23F04003C9
:108F8000143242E800310029F3D1202384F83E3026
:108F900000232363226802F10C0353E8003F23F00F
:108FA00010030C3242E800310029F3D1A06BFCF72A
:108FB000C8FAA18DE38D9BB2C91A89B2204602F08E
:108FC0003BFD30E7A18DE38D9BB2C91A89B2E38DD9
:108FD0009BB2002B3FF427AF00293FF424AF226857
:108FE00002F10C0353E8003F23F490730C3242E883
:108FF00000300028F3D1226802F1140353E8003F47
:1090000023F00103143242E800300028F3D120237A
:1090100084F83E3000232363226802F10C0353E8F6
:10902000003F23F010030C3242E800300028F3D157
:10903000204602F001FDF6E62046FFF7DCFBF2E6F3
:109040002046FFF70AFEEEE6DD8C000808B5806BCF
:10905000036B012B02D0FFF714FE08BD818D490878
:1090600002F0EAFCF9E708B50346806B1B681B6851
:1090700013F4807F2BD10023C385026802F10C0317
:1090800053E8003F23F480730C3242E8003100299A
:10909000F3D1026802F1140353E8003F23F0010307
:1090A000143242E800310029F3D1026802F11403BE
:1090B00053E8003F23F04003143242E80031002916
:1090C000F3D1202380F83E30036B012B05D0036BD6
:1090D000012B0FD0FFF7D4FD08BD026802F10C038D
:1090E00053E8003F23F010030C3242E8003100291E
:1090F000F3D1ECE7818D02F09FFCEDE730B583B052
:10910000044613468162828500250564222280F888
:109110003E20826B2048D063A26B20481064A26B73
:109120001F48D064A26B156520680A46011DA06B1C
:10913000FCF7D2F9019523681A6801925B680193E4
:10914000019B84F83C5023695BB1226802F10C0357
:1091500053E8003F43F480730C3242E800310029A9
:10916000F3D1226802F1140353E8003F43F00103F6
:10917000143242E800310029F3D1226802F11403CD
:1091800053E8003F43F04003143242E80031002925
:10919000F3D1002003B030BD679000084D90000867
:1091A000858C000890F83E30DBB2202B29D110B519
:1091B00082B0044639B342B390F83C30012B27D03B
:1091C000012380F83C300363FFF798FFF0B9236B6D
:1091D000012B01D0012019E00023019323681A68B4
:1091E00001925B680193019B226802F10C0353E832
:1091F000003F43F010030C3242E800310029F3D164
:1092000004E002207047012000E0012002B010BD00
:109210000220FBE7034AD2F8883043F47003C2F817
:109220008830704700ED00E000F1080343604FF024
:10923000FF328260C3600361002303607047002334
:109240000361704743684B609A688A605160996017
:109250000861036801330360704730B40D68B5F1ED
:10926000FF3F11D000F108031C465B681A68AA4250
:10927000FAD963684B6099608C606160086103682B
:109280000133036030BC70470469F2E70369416849
:1092900082688A60416851605A68824206D0002222
:1092A00002611A68013A1A601868704782685A6049
:1092B000F5E70000084B1B681B6823B9074B4FF00C
:1092C000FF321A607047044B1B68DB68DB685A6822
:1092D000024B1A60704700BF742D00200C2D002037
:1092E0002DE9F04707469846089DDDF824900A9C32
:1092F000266B02F18042013A06EB820626F0070651
:10930000C1B308464FF0000CBCF11F0F09D810F88C
:109310000C2004EB0C0383F8342012B10CF1010C87
:10932000F2E7002384F85330062D00D90625E562C4
:1093300065654FF0000AC4F858A0201DFFF77FFFB5
:1093400004F11800FFF77BFF2461C5F10705A56153
:109350006462C4F85CA084F860A042463946304696
:1093600000F07EFD2060B9F1000F01D0C9F8004087
:10937000BDE8F087002384F83430D5E738B5002401
:1093800007E004EB840293000E481844FFF74CFFFB
:109390000134062CF5D90C4D2846FFF745FF0B4C40
:1093A0002046FFF741FF0A48FFF73EFF0948FFF755
:1093B0003BFF0948FFF738FF084B1D60084B1C6056
:1093C00038BD00BFA02D00208C2D0020782D00205E
:1093D0005C2D0020482D0020302D0020742D002011
:1093E000702D002010B5044600F064FD214A13687A
:1093F00001331360204B1B685BB1204B1B686BB9BA
:109400001D4B1B68DA6AE36A9A4207D81A4B1C6044
:1094100004E0194B1C601368012B28D0184A13680C
:1094200001331360E06A01238340164A11680B433D
:10943000136000EB8000211D134B03EB8000FFF74E
:1094400001FF00F059FD0D4B1B687BB10A4B1B68F7
:10945000DA6AE36A9A4209D24FF0E0234FF0805271
:10946000C3F8042DBFF34F8FBFF36F8F10BDFFF70D
:1094700085FFD3E72C2D00202C2E0020202D00204E
:10948000102D0020242D0020A02D002010B5044612
:1094900090F8613063B1012B11D0022B0ED04FF048
:1094A000500383F31188BFF36F8FBFF34F8FFEE735
:1094B000006B00F059FC204600F056FC10BD00F097
:1094C00053FCFBE70F4B1B68D3B110B500F0F2FC67
:1094D0000D4BDB68DC68201DFFF7D8FE0B4A1368D4
:1094E000013B1360074A1368013B136000F004FD61
:1094F0002046FFF7CBFF034B1B68002BE6D110BDC6
:10950000704700BF442D0020482D00202C2D002046
:1095100008B5FFF7D7FF074B1B68012BF9D94FF0B0
:10952000E0234FF08052C3F8042DBFF34F8FBFF3F9
:109530006F8FEEE7A02D002070B504460D461D4B41
:109540001E681D4B18680430FFF7A0FE48B91A4B7F
:109550001B68DB6A01229A4018490B6823EA020360
:109560000B60B4F1FF3F0DD03444134B1B685C60BB
:10957000A64210D9124B18680F4B19680431FFF737
:109580006CFE70BD002DEFD00B4B196804310D48F7
:10959000FFF758FEF5E70C4B1868074B19680431C4
:1095A000FFF75BFE094B1B68A342EAD9074B1C601F
:1095B000E7E700BF282D00202C2E0020242D0020BE
:1095C000702D0020302D0020742D00200C2D002047
:1095D00030B587B00B9C7CB10C9DB5B1642504956A
:1095E000049D642D1AD04FF0500383F31188BFF30C
:1095F0006F8FBFF34F8FFEE74FF0500383F3118857
:10960000BFF36F8FBFF34F8FFEE74FF0500383F32D
:109610001188BFF36F8FBFF34F8FFEE7049D0C9D42
:109620002C63022485F8614000240394029505AC64
:1096300001940A9C0094FFF753FE0C98FFF7D2FEAA
:10964000059807B030BD2DE9F04385B00746884640
:1096500014461E46900000F005FB08B381466420C6
:1096600000F000FB0546A8B1C0F83090002380F858
:109670006130039302900D9B01930C9B0093334642
:10968000224641463846FFF72BFE2846FFF7AAFE42
:10969000012007E0484600F067FB4FF0FF3001E093
:1096A0004FF0FF3005B0BDE8F083000038B5044648
:1096B00000F000FC002C34D0251D2846FFF7E6FD05
:1096C00070B9E26A02EB82039B002749CB583BB991
:1096D000012303FA02F225490B6823EA02030B6017
:1096E000A36A1BB104F11800FFF7D0FD204A1368EC
:1096F000013313601F4B1B68A34215D01E4A136829
:10970000013B13602046FFF7C1FEFFF7D3FD00F0D9
:10971000F3FB1A4B1B681BB1164B1B68A3420CD002
:1097200038BD144B1C68C7E729461548FFF78AFD6A
:10973000144A136801331360E9E7134B1B6843B104
:109740004FF0500383F31188BFF36F8FBFF34F8F38
:10975000FEE74FF0E0234FF08052C3F8042DBFF333
:109760004F8FBFF36F8FDBE7A02D0020242D00204B
:10977000102D00202C2E00202C2D0020202D00202C
:10978000482D0020442D0020042D002010B588B065
:1097900000240594069407AA06A905A8F7F746FD34
:1097A000059B0293069B019300942346079A0E495A
:1097B0000E48FFF70DFF0E4B186090B14FF05003AD
:1097C00083F31188BFF36F8FBFF34F8F094B4FF0B7
:1097D000FF321A60084B01221A60084B1C6000F02F
:1097E00003FC08B010BD00BF484C010811950008EB
:1097F000082D00200C2D0020202D0020282D0020D9
:10980000024A136801331360704700BF042D002023
:10981000F8B53A4B1B68002B69D1394B1D680135EF
:109820001D60C5B9374B1B681B6843B14FF050032F
:1098300083F31188BFF36F8FBFF34F8FFEE7314A79
:109840001168314B186810601960304A1368013391
:109850001360FFF72FFD2E4B1B68AB423DD900274D
:109860002C4B1B68DB6A03EB83039A002A4B9B5843
:10987000012B00D90127294B1B68002B3CD0012765
:109880003AE001271F4B1B681B6843B31D4B1B6845
:10989000DB68DC6863689D4226D3261D3046FFF7EF
:1098A000F5FCA36A1BB104F11800FFF7EFFCE36AB3
:1098B00001229A401A49086802430A6003EB8303B5
:1098C0009A00314614481044FFF7BCFCE26A114B81
:1098D0001B68DB6A9A42D4D2D4E70027D2E70C4B4C
:1098E0004FF0FF321A60BBE7094A1360B8E70D4A30
:1098F00013680133136000273846F8BD042D00209B
:10990000282D0020742D0020702D0020142D002003
:109910000C2D00202C2E0020A02D0020182D002022
:10992000242D00201C2D002038B5354B1B6843B971
:109930004FF0500383F31188BFF36F8FBFF34F8F46
:10994000FEE700F0B7FA2E4B1A68013A1A601B685E
:10995000002B4FD12B4B1B680BB900244BE000248C
:10996000294B1B681BB3284BDB68DC6804F118002B
:10997000FFF78CFC251D2846FFF788FCE06A0123D1
:109980008340224A11680B43136000EB8000294694
:109990001F4B03EB8000FFF755FCE26A1D4B1B6871
:1099A000DB6A9A42DCD31C4B01221A60D8E70CB167
:1099B000FFF780FC194B1C6884B9174B1C68D4B1A5
:1099C0004FF0E0234FF08052C3F8042DBFF34F8FC8
:1099D000BFF36F8F01240EE0013C07D0FFF718FFA3
:1099E0000028F9D00C4B01221A60F5E70B4B00223E
:1099F0001A60E2E7002400F07FFA204638BD00BF7D
:109A0000042D00202C2D00205C2D0020242D002072
:109A1000A02D00202C2E0020182D00201C2D002011
:109A200010B5A8B10446104B1B6843B14FF050036A
:109A300083F31188BFF36F8FBFF34F8FFEE7FFF7FC
:109A4000DFFE00212046FFF777FDFFF76DFF48B9E5
:109A50004FF0E0234FF08052C3F8042DBFF34F8F37
:109A6000BFF36F8F10BD00BF042D0020204B1B687B
:109A70001BB1204B01221A6070471E4B00221A6056
:109A80001D4B1B68B3FA83F3DBB2C3F11F0303EB77
:109A900083018A0019498A5842B94FF0500383F371
:109AA0001188BFF36F8FBFF34F8FFEE7134803EBAF
:109AB00083018A00024451684968516003EB830CBA
:109AC0004FEA8C0208320244914209D003EB83032F
:109AD0009A000A4B13445B68DA68094B1A607047B6
:109AE000486862469100054A0A445060EEE700BFAC
:109AF000042D0020182D0020242D0020A02D002052
:109B00002C2E0020842801D003307047002070479D
:109B100008B5FFF73BFE002008BD2DE9F04387B0F4
:109B20000E464469C4B18569B5B14768D0F8008074
:109B3000D0F81090B0F90800FFF7E4FF0295019407
:109B4000009033464A4641463846FFF741FD0590AE
:109B5000059807B0BDE8F083446805680769B0F967
:109B60000800FFF7CFFF05AB019300903346BAB270
:109B700029462046FFF767FD0128E9D00020E8E7E5
:109B800008B5FFF793FD002008BD08B500B9012016
:109B9000FFF746FF002008BD134A12F0070F1FD041
:109BA000D11D21F00701C1F59C43203313440A461F
:109BB0000E480260002141601344083B23F0070374
:109BC0000B48036059601960991A51601360094B82
:109BD0001960094B1960094B4FF000421A60704739
:109BE00044F62063E4E700BF502E0020482E0020FA
:109BF000442E00203C2E0020402E0020302E00203D
:109C0000164B1A461B688342FBD3516802EB010CCA
:109C1000844509D0416800EB010C634509D003601D
:109C2000904219D01060704740680144516010465E
:109C3000F0E710B40A4C2468A3420BD05B681944C7
:109C4000416013681B680360904200D010605DF8AB
:109C5000044B70470460F7E7704700BF482E0020B0
:109C6000442E002038B50446FFF7CAFD384B1B6868
:109C7000B3B1384B1B681C4250D1002C50D004F1BA
:109C8000080214F0070F02D022F007020832002A5F
:109C900055D0314B1B68934253D330490C6804E0D4
:109CA000FFF77AFFE5E721461C466368934202D23C
:109CB0002368002BF7D1264B1B68A34243D00D68C5
:109CC000083523680B6063689B1A102B10D9A01805
:109CD00010F0070F08D04FF0500383F31188BFF343
:109CE0006F8FBFF34F8FFEE743606260FFF788FF1F
:109CF000626819490B689B1A0B60194909688B4205
:109D000001D217490B60134B1B6813436360002398
:109D10002360144A13680133136002E0002500E059
:109D20000025FFF701FE15F0070F0ED04FF050038E
:109D300083F31188BFF36F8FBFF34F8FFEE70025CA
:109D4000EFE70025EDE70025EBE7284638BD00BF2B
:109D5000442E0020302E0020402E0020482E0020CF
:109D60003C2E0020382E0020002834D038B5044680
:109D7000A0F1080550F8043C174A1268134208D1B4
:109D80004FF0500383F31188BFF36F8FBFF34F8FF2
:109D9000FEE750F8081C41B14FF0500383F31188DF
:109DA000BFF36F8FBFF34F8FFEE723EA020340F844
:109DB000043CFFF725FD54F8041C084A13680B44C3
:109DC00013602846FFF71CFF054A13680133136030
:109DD000FFF7AAFD38BD7047302E0020402E00202E
:109DE000342E002082B0002301930D4B1B68B3F189
:109DF000FF3F08D04FF0500383F31188BFF36F8FFC
:109E0000BFF34F8FFEE74FF0500383F31188BFF38A
:109E10006F8FBFF34F8F019B002BFCD002B07047B8
:109E20007000002008480068006880F308884FF040
:109E3000000080F3148862B661B6BFF34F8FBFF3A2
:109E40006F8F00DF00BF000008ED00E0DFF80C00BE
:109E5000016841F4700101607047000088ED00E086
:109E60004FF0807340F8043C21F0010140F8081CD9
:109E7000054B40F80C3C40F8202C6FF0020340F8F2
:109E8000243C4438704700BFE59D000800000000F6
:109E9000074B19680868B0E8F04F80F30988BFF3F2
:109EA0006F8F4FF0000080F311887047AFF3008090
:109EB0002C2E00204FF0500383F31188BFF36F8FD7
:109EC000BFF34F8F0B4A136801331360012B00D08F
:109ED00070474FF0E023D3F8043D13F0FF0FF7D0A5
:109EE0004FF0500383F31188BFF36F8FBFF34F8F91
:109EF000FEE700BF70000020094B1B6843B94FF01C
:109F0000500383F31188BFF36F8FBFF34F8FFEE7CA
:109F1000013B034A13600BB983F31188704700BFFC
:109F200070000020000000000000000000000000A1
:109F3000EFF30980BFF36F8F154B1A681EF0100FF7
:109F400008BF20ED108A20E9F04F10602DE90900CC
:109F50004FF0500080F31188BFF34F8FBFF36F8F26
:109F6000FFF784FD4FF0000080F3118809BC1968E9
:109F70000868B0E8F04F1EF0100F08BFB0EC108A70
:109F800080F30988BFF36F8F704700BFAFF3008085
:109F90002C2E002008B54FF0500383F31188BFF337
:109FA0006F8FBFF34F8FFFF733FC28B14FF0E023E3
:109FB0004FF08052C3F8042D002383F3118808BDAD
:109FC0004FF0E022002313619361054B1B680549A4
:109FD000A1FB03139B09013B5361072313617047E6
:109FE0006C000020D34D62104FF0E023D3F8002D19
:109FF0003D4B9A421CD04FF0E023D3F8002D3B4B51
:10A000009A421ED030B583B0394B1A78D2B2019241
:10A01000FF221A701B78DBB28DF803309DF80330F5
:10A0200003F05003334A1370334B07221A601BE0CE
:10A030004FF0500383F31188BFF36F8FBFF34F8F3F
:10A04000FEE74FF0500383F31188BFF36F8FBFF328
:10A050004F8FFEE7284A1368013B13609DF80330D9
:10A060005B00DBB28DF803309DF8033013F0800FF6
:10A07000F0D1214B1B68032B08D04FF0500383F322
:10A080001188BFF36F8FBFF34F8FFEE71B021A4A91
:10A09000136003F4E0631360019BDBB2144A137096
:10A0A0004FF0E024D4F8203D43F47003C4F8203D81
:10A0B000D4F8203D43F07043C4F8203DFFF780FF03
:10A0C00000250E4B1D60FFF7C1FED4F8343F43F06E
:10A0D0004043C4F8343FFFF7A5FEFFF7C7FCFFF786
:10A0E00081FE284603B030BD71C20F4170C20F41DE
:10A0F00000E400E0747C0020707C002070000020F0
:10A1000098B108B503460020C3F8B802C3F8C402EA
:10A11000C3F8D00209B1C3F8B412012183F89C122C
:10A120001A701846F8F74CFB08BD0320704710B5AD
:10A1300082B00023ADF80630B9B10446C0F8B812B9
:10A14000D0F8D422CB6A43B1AE3250F82230DB6A69
:10A150000DF106009847C4F8D002D4F8D832013384
:10A16000C4F8D832002002B010BD0320FBE708B5C8
:10A17000F8F787FB08BD08B5D0F8B83213B11B68F3
:10A18000984708BD0020FCE708B5D0F8B8325B68F6
:10A19000984700B908BD0320FCE738B5044600F233
:10A1A000AA25284600F0C3F90123C4F89432B4F874
:10A1B000B032C4F8983294F8AA1201F01F03012BB0
:10A1C00007D0022B0AD073B92946204600F084FB41
:10A1D00038BD2946204600F0BAFBF9E7294620465B
:10A1E00000F0F7FBF4E701F080012046F8F764FB8C
:10A1F000EEE7F8B50446012380F89C320023C0F84E
:10A2000094324360C0F8A43280F8A032D0F8B8325B
:10A21000DBB15B68DBB1002198470746C8B9402332
:10A22000002211462046F8F734FB0126A4F86461A9
:10A230004025C4F860512B46002280212046F8F7C3
:10A2400028FBA68425623846F8BD0027E7E70027EB
:10A25000E5E70327E3E701740020704790F89C329C
:10A26000DBB280F89D32042380F89C3200207047D6
:10A2700090F89C32DBB2042B01D00020704790F89C
:10A280009D32DBB280F89C32F7E708B590F89C323B
:10A29000DBB2032B01D0002008BDD0F8B832002B70
:10A2A000F9D0DB69002BF6D09847F4E708B5D0F871
:10A2B000D432AE3350F823205AB190F89C32DBB23E
:10A2C000032B01D0002008BD136A23B1984700205A
:10A2D000F9E70320F7E70020F5E708B5D0F8D43216
:10A2E000AE3350F823205AB190F89C32DBB2032BE6
:10A2F00001D0002008BD536A23B198470020F9E738
:10A300000320F7E70020F5E70020704708B5012398
:10A3100080F89C32D0F8B83223B15B680179984755
:10A3200010B908BD0020FCE70320FAE700207047C1
:10A330000020704738B504460D46002942D1134627
:10A34000D0F89422032A01D0084638BDD0F85C1119
:10A35000D0F86021914209D890F8AA3203F01F0387
:10A36000012B0ED0022B1BD028460FE0891AC0F813
:10A370005C118A4228BF0A46194600F083FC284631
:10A38000E3E790F8AE12FFF7D1FF20B994F89C32C2
:10A39000DBB2032B09D0204600F07CFC2846D4E732
:10A3A00090F8AE12FFF7C4FFEFE700F1AE0354F8E8
:10A3B00023301A69002AEED0C4F8D4021B69204663
:10A3C0009847E8E701F07F01FFF7B2FF90B994F8F2
:10A3D0009C32DBB2032BB8D100F1AE0354F823302A
:10A3E0009A69002AB1D0C4F8D4029B692946204654
:10A3F0009847AAE70020A8E738B504460D4600298B
:10A400004BD11346D0F89422022A07D094F8A00228
:10A4100018B1002384F8A032284638BDC269016A09
:10A420008A420ED88A4218D094F89C32DBB2032BB1
:10A4300027D080212046F8F73FFA204600F035FC6F
:10A44000E4E7521AC261194600F005FC00231A46DF
:10A4500019462046F8F750FAD8E783699942E3D8BD
:10A46000D0F898229342DFD20022114600F0F3FB8D
:10A470000021C4F898120B460A462046F8F73CFA29
:10A48000C4E7D4F8B832DA68002AD2D00022C4F87F
:10A49000D422DB6820469847CBE741F08001FFF7E4
:10A4A00047FF90B994F89C32DBB2032BB5D100F191
:10A4B000AE0354F823305A69002AAED0C4F8D4024F
:10A4C0005B69294620469847A7E70020A5E70B8847
:10A4D000027813440B80037818447047428803784D
:10A4E0009A4218D930B583B004460D46ADF806300F
:10A4F0006388BDF806209A420AD20DF10601FFF7E3
:10A50000E6FF4378052BF3D18378AB42F0D100E02E
:10A51000002003B030BD002070470346002002E059
:10A520000130C0B201331A78002AF9D170470B7894
:10A5300003704B7843708B78CA7843EA02234380D8
:10A540000B794A7943EA022383808B79CA7943EAFB
:10A550000223C380704710B504468021F8F7ACF998
:10A5600000212046F8F7A8F910BD30B583B00446A5
:10A570000D460023ADF806304A88130A013B062B2E
:10A5800000F2AB80DFE803F0041F33A9A98D9A0025
:10A59000D0F8B4321B680DF10601007C9847EA88B8
:10A5A000002A00F0A380BDF80630002B00F099804F
:10A5B0009A4228BF1A46ADF806200146204600F010
:10A5C0003DFB03B030BD037C43B9D0F8B8329B6A81
:10A5D0000DF10600984702234370E0E7D0F8B83247
:10A5E000DB6A0DF10600984702234370D7E7D2B229
:10A5F000052A52D8DFE802F003101D2A3744D0F8AC
:10A60000B4325B6823B10DF10601007C9847C6E7C0
:10A610002946FFF7A0FFD4E7D0F8B4329B6823B1F6
:10A620000DF10601007C9847B9E72946FFF793FF33
:10A63000C7E7D0F8B432DB6823B10DF10601007C26
:10A640009847ACE72946FFF786FFBAE7D0F8B4325F
:10A650001B6923B10DF10601007C98479FE729464D
:10A66000FFF779FFADE7D0F8B4325B6923B10DF1A4
:10A670000601007C984792E72946FFF76CFFA0E7A8
:10A68000D0F8B4329B6923B10DF10601007C9847E4
:10A6900085E72946FFF75FFF93E72946FFF75BFF52
:10A6A0008FE7037C33B9D0F8B8325B6B0DF106004D
:10A6B000984774E72946FFF74EFF82E7037C43B9CA
:10A6C000D0F8B8321B6B0DF1060098470723437092
:10A6D00065E72946FFF73FFF73E72946FFF73BFF92
:10A6E0006FE729462046FFF736FF6AE7204600F06D
:10A6F000D1FA66E738B504468B88FBB9CB88EBB94D
:10A700004B887F2B1AD803F07F0590F89C32DBB280
:10A71000032B0CD080F89E522946F8F7DDF820462E
:10A7200000F0B8FA35B1022384F89C3209E0FFF753
:10A7300012FF06E0012384F89C3202E02046FFF776
:10A740000AFF38BD70B504460E468D782F4B1D703C
:10A75000012D10D890F89C32DBB2022B0FD0032BC6
:10A7600026D0FFF7F8FE294B19782046FFF70CFD9D
:10A770000325284670BDFFF7EEFE0325F9E7A5B1D6
:10A7800045602946FFF7F7FC054638B131462046BB
:10A79000FFF7E1FE022384F89C32EAE7204600F04E
:10A7A00079FA032384F89C32E3E700F073FAE0E7D8
:10A7B000CDB141688D4225D0C9B2FFF7E5FC134BFE
:10A7C000197861602046FFF7D6FC0546B0B13146E6
:10A7D0002046FFF7C0FE21792046FFF7D5FC022373
:10A7E00084F89C32C5E7022380F89C3245602946F4
:10A7F000FFF7CAFC204600F04DFABAE7204600F009
:10A8000049FAB6E700F046FA0025B2E7757C002069
:10A8100008B5CB88012B0BD190F89C32DBB2022B10
:10A8200009D9032B11D10122011D00F007FA01E023
:10A83000FFF791FE08BD5BB23BB10146002341F832
:10A84000083F012200F0FAF9F4E7FFF784FEF1E790
:10A8500008B590F89C32013B022B12D8CB88022B12
:10A860000CD10123C360D0F8A4320BB10323C36021
:10A87000022200F10C0100F0E1F908BDFFF76BFEC8
:10A88000FBE7FFF768FEF8E708B54B88012B04D01B
:10A89000022B07D0FFF75FFE08BDC0F8A43200F01E
:10A8A000F9F9F9E78B881B0A80F8A03200F0F2F979
:10A8B000F2E708B590F89C32013B022B09D84B888F
:10A8C000012B00D008BD0023C0F8A43200F0E2F94B
:10A8D000F8E7FFF740FEF5E738B50C7804F06004C0
:10A8E000202C06D0402C04D06CB1FFF734FE00249D
:10A8F00007E0D0F8D432AE3350F823309B68984745
:10A900000446204638BD4D78092D1DD8DFE805F0F6
:10A9100012191C161C08051C0F0BFFF726FEF0E78A
:10A92000FFF7E8FEEDE7FFF70DFF0446E9E7FFF765
:10A930006FFFE6E7FFF78CFF2C46E2E7FFF7A4FF87
:10A94000DFE7FFF7B6FFDCE7FFF705FED9E770B5F5
:10A9500005460C460B7803F06003202B07D0402BF4
:10A9600005D023B1FFF7F7FD0026304670BD95F8FE
:10A970009C32013B022B26D82179012905D9214699
:10A980002846FFF7E8FD0026EFE72846FFF7CEFC54
:10A9900068B900F1AE0255F82220916889B1C5F876
:10A9A000D4029368214628469847064600E00326CD
:10A9B000E388002BD9D1002ED7D1284600F06AF9C0
:10A9C000D3E70326F4E721462846FFF7C4FD002617
:10A9D000CBE72DE9F04106460D468B88DFB20C78B7
:10A9E00004F06004202C08D0402C06D0DCB1FFF726
:10A9F000B2FD00242046BDE8F08139463046FFF71D
:10AA000097FC0446002840F0F880C6F8D40200F114
:10AA1000AE0356F823309B68002BEBD02946304616
:10AA200098470446E6E791F80180B8F1010F31D06C
:10AA3000B8F1030F05D0B8F1000F67D0FFF78BFD19
:10AA4000D8E790F89C32DBB2022B04D0032B12D053
:10AA5000FFF781FDCEE70FB1802F04D129463046A4
:10AA6000FFF779FDC6E73946F7F726FF8021304624
:10AA7000F7F722FFBEE74B8823B91FB1802F01D023
:10AA8000CB881BB1304600F005F9B3E73946F7F73C
:10AA900013FFF7E790F89C32DBB2022B04D0032BB4
:10AAA00012D0FFF758FDA5E70FB1802F04D129463A
:10AAB0003046FFF750FD9DE73946F7F7FDFE802150
:10AAC0003046F7F7F9FE95E74B88002B92D117F047
:10AAD0007F0F17D1304600F0DDF839463046FFF7DA
:10AAE00027FC002886D1C6F8D40200F1AE0256F841
:10AAF00022209268002A00F0828029463046904742
:10AB0000044677E73946F7F7DFFEE3E790F89C2243
:10AB1000D2B2022A05D0032A27D0FFF71CFD4446F3
:10AB200068E70FB1802F13D113F0800F14D107F015
:10AB30007F0707EB8707B90001F5A871314404319D
:10AB400000230B600222304600F078F8444651E7BB
:10AB5000FFF701FD44464DE707F07F0707EB870746
:10AB6000B900103131440431EAE75BB2002B1FDB3E
:10AB700007F00F0202EB820200EB8202B2F86421BE
:10AB80001AB3002B25DB07F07F0303EB83039C0044
:10AB900004F5A874344404340FB1802F22D100236B
:10ABA000236002222146304600F048F8444621E75F
:10ABB00007F00F0202EB820200EB8202928C002A65
:10ABC000DFD1FFF7C8FC444614E7FFF7C4FC444656
:10ABD00010E707F07F0303EB83039C001034344439
:10ABE0000434D9E739463046F7F71EFE10B1012389
:10ABF0002360D6E700232360D3E70024FAE6044667
:10AC0000F8E6D0B170B50D4616460446FFF785FC50
:10AC1000431C5B009BB233802B7003236B700223B9
:10AC200007E0EA5401345A1CD2B20021A95402337D
:10AC3000DBB22278002AF4D170BD704708B5134604
:10AC40000222C0F894228361C3610A460021F7F70B
:10AC50004BFE002008BD08B513460A460021F7F751
:10AC600043FE002008BD08B513460322C0F8942215
:10AC7000C0F85831C0F85C310A460021F7F73CFEB5
:10AC8000002008BD08B513460A460021F7F734FE38
:10AC9000002008BD08B50422C0F8942200231A46FB
:10ACA0001946F7F721FE002008BD08B50522C0F8B7
:10ACB000942200231A461946F7F71EFE002008BD0D
:10ACC00010B5D0F8D43203F1B00250F822408CB164
:10ACD00000EB820043687BB194F80002FF280DD09E
:10ACE0009B6894F8012221469847FF2384F800329C
:10ACF000002010BD0320FCE70020FAE70020F8E761
:10AD00000A23038000487047F0000020F8B506468B
:10AD10000F4F82213846FFF7E1FB054601213846F7
:10AD2000FFF7DCFB044681213846FFF7D7FB0DB166
:10AD30001022AA711CB1402222710022627118B146
:10AD40004022027100224271432333800048F8BD43
:10AD500074000020F8B506460F4F82213846FFF7F1
:10AD6000BDFB054601213846FFF7B8FB04468121AB
:10AD70003846FFF7B3FB0DB11022AA711CB1402277
:10AD800022710022627118B14022027100224271C8
:10AD9000432333800048F8BD74000020F8B5064610
:10ADA0000F4F82213846FFF799FB054601213846AF
:10ADB000FFF794FB044681213846FFF78FFB0DB166
:10ADC0001022AA711CB1002222710222627118B1F4
:10ADD0000022027102224271432333800048F8BDF1
:10ADE0007400002038B5D0F8D432B03350F8235076
:10ADF00095B10446F7F72FFDC5F80C02D4F8D4320C
:10AE0000B03304EB83046368DB6805F50371D5F8A0
:10AE100004029847002038BD0320FCE738B5D0F87D
:10AE2000C852D0F8D432B03350F8234084B301F084
:10AE30000F0303EB830200EB820292694AB103EB3A
:10AE4000C30C05EB8C05AD6CB2FBF5FC05FB1C22BD
:10AE500092B10023C4F81432D0F8D432B03300EBEE
:10AE6000830043681B69ABB10A4604F50471D4F84A
:10AE700008029847002038BD03EB830300EB8303EF
:10AE800000249C6123462246F7F72EFD2046F2E778
:10AE90000320F0E70020EEE7F0B583B0D0F8D4321D
:10AEA00003F1B00250F8227000228DF80720ADF8AF
:10AEB0000420002F7BD004460D46097811F060066F
:10AEC00034D0202E6CD1EA882AB311F0800F07D13C
:10AED0006B7887F80032EA883F2A13D8D2B212E0A2
:10AEE000B03300EB83035B689B683946687898470A
:10AEF000EA88072A28BF072239462046FFF79EFE28
:10AF0000002651E0402287F8012239462046FFF70B
:10AF1000AAFE002648E0B03300EB83035B689B6821
:10AF2000002229466878984700263DE06F780B2F6D
:10AF300031D8DFE807F0063930303030303030308B
:10AF4000162690F89C32DBB2032B04D02946FFF77B
:10AF500002FB032628E0022201A9FFF76FFE3E460E
:10AF600022E090F89C32DBB2032B04D02946FFF795
:10AF7000F2FA032618E001220DF10701FFF75EFE49
:10AF800012E090F89C32DBB2032B0DD02946FFF77C
:10AF9000E2FA032608E02946FFF7DDFA032603E07C
:10AFA0002946FFF7D8FA0326304603B0F0BD032642
:10AFB000FAE738B504468121F7F776FC00252587A6
:10AFC00001212046F7F770FCA4F878518221204631
:10AFD000F7F76AFCA4F84C50A4F84E50D4F8D432D9
:10AFE00003F1B00254F822209AB1B03304EB83038A
:10AFF0005B685B689847D4F8D432B03354F82300C8
:10B00000F7F734FCD4F8D432B03344F82350C4F802
:10B01000BC52002038BD70B504464FF40770F7F7F6
:10B0200021FC002849D005464FF40772002107F0A3
:10B0300069FCD4F8D432B03344F82350C4F8BC527D
:10B04000237C002B41D14FF4007302228121204642
:10B05000F7F71FFC012626874FF4007302223146C2
:10B060002046F7F716FCA4F878611023A4F84E30B8
:10B070000823032282212046F7F70BFC0123A4F8C2
:10B080004C300026C5F80462D4F8D432B03304EB57
:10B0900083035B681B689847C5F81462C5F818629B
:10B0A000D5F8042262B3257C1DBB4FF40073012147
:10B0B0002046F7F721FC284670BDD4F8D432B033CF
:10B0C000002244F823200225F5E7402302228121B3
:10B0D0002046F7F7DEFB0126268740230222314671
:10B0E0002046F7F7D6FBA4F878611023A4F84E3079
:10B0F000BEE7402301212046F7F7FEFB0025DAE7F3
:10B100000225D8E739B1D0F8D432B03300EB830050
:10B1100041600020704703207047D0F8D432B0332C
:10B1200050F823302BB1C3F80812C3F810220020C6
:10B13000704703207047D0F8D432B03350F8233032
:10B140001BB1C3F80412002070470320704708B5F4
:10B15000D0F8D432B03350F823208AB1D2F8143268
:10B160000BB1012008BD0123C2F81432D2F810320D
:10B17000C362D2F808228121F7F7B6FB0020F1E77D
:10B180000320EFE710B5D0F8D432B03350F82320C5
:10B1900092B1047C44B94FF40073D2F80422012127
:10B1A000F7F7AAFB204610BD4023D2F80422012164
:10B1B000F7F7A2FB0024F5E70324F3E710B5154CDD
:10B1C000A8220021204607F09DFB03232361636131
:10B1D000114AA261114BE3614FF4806323620023A3
:10B1E000A3626362E36222660D4A62661022A2666F
:10B1F0002367E3666367BFF35F8F06E0C3F10F0267
:10B200000849895C034AD15401330F2BF6D9BFF3A7
:10B210005F8F10BD88800020504C0108887C002082
:10B22000787C0020D04D010808B5FFF7C7FF08BDA6
:10B230000E4B1B78C3B982B00C4B01221A700C4B19
:10B240005B680193019A0B4B1B689A4203D20A4A2E
:10B25000136801331360064B5A68064B1A60034BA0
:10B2600000221A7002B07047704700BF488100206A
:10B27000001000E0588100205C81002008B5124ACF
:10B28000D2F8FC3043F08073C2F8FC300F4B002141
:10B2900059601A6842F001021A600D4B03FB00F07E
:10B2A0000C4B18600C4BA3FB00239B090B4A13604B
:10B2B0000B4BA3FB0030800C0A4B18600A4B196043
:10B2C000FFF7B6FF08BD00BF00ED00E0001000E092
:10B2D00040420F0068810020D34D6210648100203D
:10B2E00083DE1B43608100205C81002000B52DEDD2
:10B2F000028B83B00D4B5B680193019B02689B1A24
:10B3000007EE903AF8EE677A094B93ED007AB8EEC3
:10B31000477A87EE878A019B0360FFF789FFB0EECB
:10B32000480A03B0BDEC028B5DF804FB001000E09E
:10B33000688100202DE9F04182B0294B5B680193C0
:10B34000FFF776FF274B1C6800266508E3071B1BE9
:10B3500065F10005DB186D411C1945F10005019BE5
:10B36000E41845F10005204B1C605D601F4BD3F8CD
:10B3700000804246334620462946F5F74DFC0746F5
:10B380001B4B186059604246334620462946F5F764
:10B3900043FC10461C461546164B1A605C60DFF8ED
:10B3A0006480C8F80070144B1F683A463346214643
:10B3B000F5F732FC80B2A8F8040000FB07F7E81BA1
:10B3C00064F100010D4B186059600D4B1A6833464B
:10B3D000F5F722FCA8F8060002B0BDE8F08100BF36
:10B3E000001000E05C810020508100206881002076
:10B3F00040810020388100206481002030810020BD
:10B40000608100206C81002008B5FFF793FF0E4B90
:10B410009A8807EE902AF8EEE77A9FED0C7A67EEAD
:10B42000877A93ED007AB8EE470A30EE270ADB8878
:10B4300007EE903AF8EEE77A9FED057A67EE877AA5
:10B4400030EE270A08BD00BF6C8100206F12833ADE
:10B45000BD37863508B5FFF76DFF0B4A1168938835
:10B460004FF47A7000FB013300EE103AB8EE400A58
:10B47000D38807EE903AF8EEE77A9FED047A67EE0C
:10B48000877A30EE270A08BD6C8100206F12833A5C
:10B490000A4B5968094B5B685B1A094AD2ED007A7E
:10B4A000F8EE677A67EE807A07EE103AB8EE477AE0
:10B4B000B4EEE77AF1EE10FAECD47047001000E039
:10B4C0006881002008B5036803F14042B2F5005FCF
:10B4D0000FD903F13F4202F57F02B2F5806F17D911
:10B4E000A3F14023A3F58033B3F5006F10D90020FA
:10B4F00008BDF9F705FC0E4B9B68C3F382230D4A88
:10B50000D35C1BB9012303FB00F0F1E70223FAE748
:10B51000F9F706FC064B9B68C3F38223054AD35C0C
:10B520001BB9012303FB00F0E2E70223FAE700BFA7
:10B5300000380240B84D010808B5002301E001338E
:10B54000DBB20C4A12789A4213D90B4A52F82320E4
:10B5500011688142F3D190F81CE051684FEA910CD8
:10B56000012101FA0CF18E45E9D153690BB1104666
:10B57000984708BDB4810020748100208368016869
:10B580004A680132B3FBF2F307EE903AF8EE677ABD
:10B5900067EE807A0B68FCEEE77AC3ED0B7A83687E
:10B5A00001684A680132B3FBF2F307EE903AF8EE15
:10B5B000677A27EE800ABCEEC00A81ED030A704765
:10B5C000436863B903681B68D3ED0B7AF8EE677ABA
:10B5D00027EE800ABCEEC00A83ED0D0A7047042BEB
:10B5E0000ED0082B19D003681B68D3ED0B7AF8EE48
:10B5F000677A67EE807AFCEEE77AC3ED107A7047DF
:10B6000003681B68D3ED0B7AF8EE677A67EE807AF1
:10B61000FCEEE77AC3ED0E7A704703681B68D3ED42
:10B620000B7AF8EE677A67EE807AFCEEE77AC3ED84
:10B630000F7A704738B51C4B1B780F2B00D9FEE7EB
:10B6400005461C2007F046F80446002303604360CB
:10B650008360C360036143618361286820606B6815
:10B660006360AB68E360EB6823612B6963616B69BE
:10B67000A361FFF727FFA06061682068FCF78AFFDD
:10B6800094ED030A2046FFF779FF94ED040A204663
:10B69000FFF796FF044A1378591C1170034A42F8C9
:10B6A0002340204638BD00BFB481002074810020B3
:10B6B00008B5002300E00133074A12789A420AD9FC
:10B6C000064A52F82320D1888142F4D1916800299A
:10B6D000F1D01046884708BDE0810020B8810020E5
:10B6E000002306E013690BB11046984710BD0133E3
:10B6F000DBB20E4A12789A4217D90D4A52F823202B
:10B7000011688142F3D110B5446C11798C42E9D0B3
:10B710000133DBB2054A12789A42E7D9044A52F85B
:10B72000232011688142F3D1EEE77047EC810020BD
:10B73000E481002008B5FFF7D3FF08BD10B50C4C1D
:10B740002046FAF7C3FB02212046FAF73CFD102100
:10B750002046FAF738FD074C2046FAF7B7FB0221DE
:10B760002046FAF730FD10212046FAF72CFD10BDD7
:10B77000280900200009002000B58BB001230693A2
:10B7800000230793C36913F0010F0CBF01230023AB
:10B7900004930E230993436B5B01019302680B4BE7
:10B7A0009A420DD00A4A1378591C1170059301234F
:10B7B000089369460068FAF7EDFA0BB05DF804FBF0
:10B7C000044A1378591C1170F0E700BF28090020C3
:10B7D000FA0000201482002070B582B005460E46A3
:10B7E00031462846FAF7DCFC48B36B46154A314629
:10B7F0002846FAF730FC002400E00134124B1B7895
:10B80000A342EDD9114B53F824301A68AA42F4D15F
:10B810000C4A11685A6B9142EFD1D3F8392072B1BA
:10B82000084A126983F83820084D184669462C30BA
:10B8300007F0CAF855F82400D0F83930984702B01C
:10B8400070BD00BFF081002015820020188200200A
:10B8500038B50446224B1B7833B1214B93F800C016
:10B86000BCF10F0F12D9FEE7FFF768FFF5E70133D0
:10B870009C450DD91B4A52F82320506BA168884281
:10B88000F5D1116822689142F1D1FEE70023EFE77C
:10B89000412006F01FFF05464122002107F032F843
:10B8A00062686A600023082129756B75AB75EB75BA
:10B8B00023682B60EA61A3686B63E368C5F83930DD
:10B8C0002369C5F83D302846FFF756FF044A137830
:10B8D000591C1170034A42F82350284638BD00BF56
:10B8E000158200201882002010B52DED028B044631
:10B8F000F0EE408AFFF7AEFDB0EE408A2068FAF71E
:10B9000091FB80B9FFF7A6FD30EE480AB4EEE80AD5
:10B91000F1EE10FAF2DD104A1368013313600020D3
:10B92000BDEC028B10BDFFF795FD30EE480A0B4BC6
:10B9300083ED000A214651F8040B04F1200304F1C1
:10B940002402FAF7F1FA08B90120E9E7024A13687C
:10B95000013313600020E3E7108200200C820020F6
:10B9600008B50021FFF738FF08BD08B50121FFF732
:10B9700033FF08BD10B5044690F800210146D0F809
:10B980000401FDF70FFCD4F804319B6B1A681368AF
:10B9900023F00803136010BD70B5194B1D78022DFC
:10B9A0000DD9FEE70133DBB29D420BD9154A52F89F
:10B9B0002320D2F8041162689142F3D1FEE70446D5
:10B9C0000023F1E74FF4867006F084FE06464FF43C
:10B9D0008672002106F096FF6368C6F8043123786A
:10B9E00086F80031A368C6F808316A1C044B1A7047
:10B9F000044B43F825603046FFF7BCFF304670BD6E
:10BA0000648200205882002008B5022B09D0032B45
:10BA10000CD0012B0FD16423D0F80401FDF715F8E9
:10BA200008BDD0F80401FDF77CF8F9E7D0F804016F
:10BA3000FDF79EF8F4E7FEE738B50C46002301E079
:10BA40000133DBB2154A92F800C09C4525D91D464A
:10BA5000134A52F82320D2F804118142F0D1D2F8CF
:10BA600008313BB19847224600210D4B53F8250081
:10BA700006F048FF0A4C54F8251091F80021D1F83F
:10BA80000401FDF78FFB54F82530D3F804319B6B8C
:10BA90001A68136823F00803136038BD648200201D
:10BAA0005882002010B50246002401E00134E4B2BF
:10BAB0000D4B1B78A34215D90C4B53F82410D1F829
:10BAC00004019042F2D191F80021FDF76BFB074B86
:10BAD00053F82430D3F804319B6B1A68136823F0B1
:10BAE0000803136010BD00BF64820020588200204C
:10BAF00000B583B002AB03E90300F6F7EDFF024B9C
:10BB0000186003B05DF804FB6882002008B5F6F702
:10BB1000CDFF08BD08B5FFF787FB08BDD0ED017A62
:10BB200090ED0D7AD0ED0E6A37EE267AF6EE006AC9
:10BB300027EE267A67EE877A90ED197A67EE877A94
:10BB4000C0ED137A7047D0ED0D7A90ED117A27EEA3
:10BB5000877AB5EEC07AF1EE10FA26DDF5EEC07AFE
:10BB6000F1EE10FA1CDD90ED087AB4EEE77AF1EE12
:10BB700010FA1ADAD0ED076A37EE266AB4EEE76AF1
:10BB8000F1EE10FA0FDB90ED136A76EEE77A37EEFE
:10BB9000277AC7EE267A66EE277AC0ED137A7047C9
:10BBA000F1EE677ADFE70023C3647047D0ED116AD6
:10BBB00090ED137A36EE877A1F4B83ED007AD0ED45
:10BBC000107A76EEA77A90ED126A77EE867A1B4BA2
:10BBD000C3ED007AF5EEC07AF1EE10FA28DD90EDB3
:10BBE000036AB4EEE76AF1EE10FA0AD5D0ED0D7AE9
:10BBF00066EEA76AF5EEC06AF1EE10FA01DD0023E9
:10BC0000C364D0ED067AB4EEE77AF1EE10FA03DD04
:10BC10000023C364C0ED117AF1EE677AB4EEE77ADF
:10BC2000F1EE10FA03D50023C364C0ED117A70471A
:10BC3000F1EE677AD3E700BF708200206C820020AB
:10BC4000D0ED027A90ED0C7AD0ED0B6A37EE667A81
:10BC500067EE877AD0ED196A87EEA67A80ED127AC0
:10BC6000704790ED126AD0ED197A26EE276A90EDB2
:10BC70000A7A77EE877AC6EE276A90ED166A27EE83
:10BC8000067A87EE276A76EE867AC0ED127A7047DA
:10BC900090ED146AD0ED197A26EE276A90ED097AB4
:10BCA00077EE877AC6EE276A90ED156A27EE067A58
:10BCB00087EE276A76EE867AC0ED147A704790EDAB
:10BCC000147AD0ED037AB4EEE77AF1EE10FA01DDE2
:10BCD000C0ED147A90ED147AF1EE677AB4EEE77A5B
:10BCE000F1EE10FA01D5C0ED147A704790ED147A98
:10BCF000B0EEC77AD0ED037ADFED1D6A67EEA67A63
:10BD0000B4EEE77AF1EE10FA2BD4D0ED177AB0EE5C
:10BD1000E77ADFED186AB4EEE67AF1EE10FA20D495
:10BD2000D0ED0B6A77EEE67AF0EEE77AC7EE876A37
:10BD3000DFED117AF4EEE76AF1EE10FA12DD836EB0
:10BD4000C26E013342F100028366C266816EC36E29
:10BD500040F2F512914273F1000302D3012380F8FF
:10BD60007030704700220023C0E91A23EEE700BFBD
:10BD70006F12833A17B7D1383333733F38B505465E
:10BD80000C467822002106F0BDFD23462A462034C9
:10BD9000D3F800E0D3F804C09868D968C2F800E08E
:10BDA000C2F804C09060D16010331032A342EFD1CA
:10BDB000186859689B6810605160936005F16000D5
:10BDC000FFF794FA38BD10B52DED028B0446F0EE66
:10BDD000408AB0EE608A90F91430002B71DB04F1D8
:10BDE0006000FFF783FA84ED190AC4ED0B8A84ED35
:10BDF000178A78EE680AC4ED0D0AF5EEC00AF1EE76
:10BE000010FA61DDF0EE607A94ED047AB4EEE77A30
:10BE1000F1EE10FA73D5D4ED007A60EEA77AC4ED96
:10BE2000107AD4ED017A60EEA77A60EE277AC4ED3D
:10BE3000137AD4ED027A94ED0E7A70EEC70A67EEAB
:10BE4000A07A87EE807A84ED127A237D13F0040FB6
:10BE50003DD1237D13F0200F3DD1237D13F0020F40
:10BE60003DD1237D13F0400F3DD1237D13F0010F11
:10BE70003DD1D4ED117A94ED137A77EE877AC4ED43
:10BE8000117A94ED107A77EE877A94ED127A77EE44
:10BE9000877AC4ED147A237D13F0100F2BD120463E
:10BEA000FFF70DFFE36A236394ED140A84ED150A8E
:10BEB000A36CA365636BA363E36CE363BDEC028BCC
:10BEC00010BDFFF713FF8AE7F1EE607A9CE720468A
:10BED000FFF724FEBDE72046FFF735FEBDE720460D
:10BEE000FFF7AEFEBDE72046FFF7BBFEBDE72046ED
:10BEF000FFF75CFEBDE72046FFF7CAFECFE7002351
:10BF00002365E364CEE7000070B5044600250574A0
:10BF1000827B414E338803FB02F24168D0F8F40083
:10BF200006F052FDA27B338803FB02F229466068CB
:10BF300006F0E8FCA27B338802FB03F303FB02F26A
:10BF40002946D4F8180106F0DDFC227B338802FB79
:10BF500003F3A27B03FB02F22946D4F80C0106F09E
:10BF6000D1FC294601E00131C9B2A37B8B422AD919
:10BF7000D4F8F4304FEA810C03EB8102D2ED007A61
:10BF8000F5EE407AF1EE10FAEDD0227C03EB82035D
:10BF9000C3ED007A626A237CD154A069D4F80C21E5
:10BFA00094F80CE0257C63695B5C05FB0E3303F1C0
:10BFB0008043013B02EB8302604403681360237CEF
:10BFC00001332374CFE700230FE0E069616A11F8C1
:10BFD00003C0D4F8181102FB033201EB820100EB1D
:10BFE0008C0002680A600133DBB2227C9A42ECD8F2
:10BFF000A4F87820237BA4F87A30A4F88030A4F841
:10C000008220A4F89020A4F89220A4F89830A4F8F4
:10C010009A20A4F8482070BD768200202DE9F047D0
:10C0200004460D4691461E46DFF8B8830423A8F85F
:10C030000030EB4B08221A80017380F80D90867354
:10C0400000270774304606F045FB606132463946EA
:10C0500006F058FCB8F800A006FB0AFA504606F0B5
:10C0600039FBA0615246394606F04CFCB8F800A0F6
:10C0700006FB0AFA504606F02DFBE06152463946AF
:10C0800006F040FCB8F800A005FB0AFA504606F09E
:10C0900021FB20625246394606F034FC304606F059
:10C0A00019FB60623246394606F02CFCB8F800A055
:10C0B00005FB0AFA504606F00DFB20605246394651
:10C0C00006F020FCB8F800A006FB0AFA504606F07D
:10C0D00001FB60605246394606F014FCB8F800A037
:10C0E00009FB0AFA504606F0F5FAA06052463946B6
:10C0F00006F008FCB8F800A005FB0AFA504606F066
:10C10000E9FAC4F8E8005246394606F0FBFBD4F8D9
:10C11000E8300122217B04F1300008F04BFAB8F836
:10C12000008005FB08F8404606F0D4FAC4F8EC009D
:10C130004246394606F0E6FBD4F8EC300122217B7A
:10C1400004F1380008F036FAB9F1000F40F04C81E4
:10C15000DFF89082B8F8007006FB07F7384606F063
:10C16000B9FAC4F8F4003A46002106F0CBFBD4F843
:10C17000F4300122A17B04F1480008F01BFAB8F862
:10C18000007005FB07F705FB07F7384606F0A2FA33
:10C19000C4F8F8003A46002106F0B4FB217BD4F83D
:10C1A000F8300A4604F1500008F004FAB8F80070BC
:10C1B00005FB07F705FB07F7384606F08BFAC4F8CE
:10C1C000FC003A46002106F09DFB217BD4F8FC30B0
:10C1D0000A4604F1580008F0EDF9B8F8007005FBC4
:10C1E00007F705FB07F7384606F074FA8246C4F8ED
:10C1F0000001384606F06EFAC4F804013A46002100
:10C20000504606F07FFBB8F8002005FB02F205FB64
:10C2100002F20021D4F8040106F074FB217BD4F86B
:10C2200000310A4604F1600008F0C4F9217BD4F81B
:10C2300004310A4604F1680008F0BCF9B9F1000FB6
:10C2400040F0E880674FB7F800A00AFB06F909FB49
:10C2500005F9484606F03EFA8046C4F80C010AFB90
:10C2600005F006FB00F006F035FAC4F810014A4666
:10C270000021404606F046FB3A8805FB02F206FB29
:10C2800002F20021D4F8100106F03CFBD4F80C3186
:10C29000227BA17B04F1780008F08CF9D4F81031EE
:10C2A000A27B217B04F1800008F084F9B7F80080BC
:10C2B00005FB08F808FB05F8404606F00BFAC4F841
:10C2C00014014246002106F01DFB217BD4F81431F5
:10C2D0000A4604F1880008F06DF9B7F8008006FB03
:10C2E00008F808FB06F8404606F0F4F9C4F818010F
:10C2F0004246002106F006FBA17BD4F818310A461D
:10C3000004F1900008F056F93B8805FB03F303FBAA
:10C3100006F6304606F0DEF9C4F81C01324600216C
:10C3200006F0F0FAD4F81C31A27B217B04F19800CE
:10C3300008F040F994F80C803E8808FB06F606FBEE
:10C3400008F5284606F0C6F90746C4F82001284635
:10C3500006F0C0F9C4F82401284606F0BBF9C4F879
:10C360002801304606F0B6F9C4F82C01304606F034
:10C37000B1F9C4F830013B464246414604F1A00001
:10C3800008F018F9217BD4F824310A4604F1A800FA
:10C3900008F010F9217BD4F828310A4604F1B000E6
:10C3A00008F008F9D4F82C310122217B04F1B800FF
:10C3B00008F000F9D4F830310122217B04F1C000EB
:10C3C00008F0F8F8002384F8283084F8293084F83D
:10C3D0002A3084F82B3084F82C30BDE8F08700BF79
:10C3E0007482002076820020164B1F8809FB07F715
:10C3F000384606F06FF9C4F8F0003A46002106F01E
:10C4000081FAD4F8F0300122617B04F1400008F099
:10C41000D1F89DE6B8F8003005FB03F303FB09F9FA
:10C42000484606F057F9C4F808014A46002106F0CC
:10C4300069FAD4F80831627B217B04F1700008F0BE
:10C44000B9F8FFE67682002038B50446C37B63B1B5
:10C45000FFF75AFD627B0E4B1B8803FB02F2A168BB
:10C46000D4F8F00006F0B0FA38BD827B084D2B8876
:10C4700003FB02F24168D0F8F40006F0A5FAA27BB3
:10C480002B8803FB02F20021606806F03BFAE1E72B
:10C490007682002090F82830B3BB70B50446437B09
:10C4A00043B3037BA0F8B8300126A0F8BA6000F1CE
:10C4B000B8052A4600F13001603008F0F5F984F83B
:10C4C000C800237BA4F8C030A4F8C26004F1C00601
:10C4D000324604F1400104F1700008F0E5F984F8F7
:10C4E000C80004F138023146284608F04DF884F8B7
:10C4F000C80070BD00F1380200F13001603008F072
:10C50000D3F984F8C800F4E77047F8B590F82930FB
:10C5100003B1F8BD044600F1600600F16807394632
:10C52000304608F02BFA84F8C80004F158052A4672
:10C5300004F15001304608F0B7F984F8C800B4F8A7
:10C540005830A4F8A830B4F86A30A4F8AA3004F13E
:10C55000A80632463946284608F0A6F984F8C800ED
:10C560002A4604F18801304608F00EF884F8C80025
:10C57000CFE72DE9F84390F82A300BB1BDE8F883F6
:10C58000044600F1780600F180073946304608F08D
:10C59000F5F984F8C800B4F87830A4F8A830B4F8F5
:10C5A0005A30A4F8AA3004F1580804F1A8052A4624
:10C5B0004146304608F078F984F8C800B4F8A8304D
:10C5C000A4F8B030B4F88230A4F8B23004F1B00668
:10C5D00032463946284608F067F984F8C800B4F8AE
:10C5E0009030A4F8A030B4F89230A4F8A23004F14E
:10C5F000A0094A4604F19001304607F0C5FF84F8CF
:10C60000C8003146484607F0D9FF84F8C800B4F89E
:10C610005830A4F8A830B4F88230A4F8AA302A46DA
:10C620003946404608F040F984F8C80004F1980201
:10C630003146284608F038F984F8C8009EE790F89B
:10C640002B3003B170472DE9F0410446B0F8783043
:10C65000A0F8B8300126A0F8BA6000F1380700F160
:10C66000B8052A463946783008F01EF984F8C80023
:10C67000B4F84830A4F8C030A4F8C26004F1C0088F
:10C680004246294604F1480008F062F984F8C800DF
:10C69000B4F89830A4F8B830A4F8BA602A464146F5
:10C6A00004F1980008F000F984F8C80004F13002A1
:10C6B0002946384607F068FF84F8C800BDE8F081D5
:10C6C000F8B590F82C3003B1F8BD0446B0F89830B6
:10C6D000A0F8A830B0F87A20A0F8AA20A0F8B030CE
:10C6E000B0F85A30A0F8B23000F1A8073A4600F18D
:10C6F0007801983008F0D8F884F8C80004F158059B
:10C7000004F1B00632462946384608F0CDF884F8E0
:10C71000C80004F150023146284608F019F984F89F
:10C72000C800D1E738B50446FFF78EFED4F8CC3008
:10C730000BB1204698472046FFF7ACFED4F8D03026
:10C740000BB1204698472046FFF7DFFED4F8D430DF
:10C750000BB120469847237C0BB9E37BCBB920462D
:10C76000FFF707FFD4F8D8300BB120469847204692
:10C77000FFF765FFD4F8DC300BB120469847204620
:10C78000FFF79EFFD4F8E0300BB120469847002316
:10C7900019E0227B204D2B8803FB02F2D4F8EC1029
:10C7A000D4F8E80006F010F9227B2B8802FB03F393
:10C7B00003FB02F2D4F8FC10D4F8F80006F004F9F8
:10C7C000E0E70133DBB2227B9A4214D9D4F8F810A7
:10C7D00002FB033201EB820292ED007A216A01EB47
:10C7E0008301D1ED007AB4EEE77AF1EE10FAE8D5E4
:10C7F000C2ED007AE5E7084B1B8803FB02F2D4F890
:10C80000E810206806F0E0F8D4F8E4300BB12046D8
:10C810009847206838BD00BF76820020F6EE007A87
:10C8200060EE277A10EE103A074AA2EB630307EE98
:10C83000103A67EE277A67EE277AB7EE080A30EEED
:10C84000670A27EE000A7047865A375F10B52DED4C
:10C85000048B0446D0F8EC3093ED009A5C4A82EDEC
:10C86000009A93ED018A5B4A82ED008AD3ED028A39
:10C87000594AC2ED008AD3ED039A584BC3ED009A92
:10C8800069EE097A28EE087A77EE877A28EEA87A98
:10C8900077EE877A29EEA90A37EE800AFFF7BEFF06
:10C8A0004F4B83ED000A00230BE0D4F8EC2002EBA1
:10C8B0008302D2ED007A60EE277AC2ED007A01336E
:10C8C000DBB2032BF1D9474B93ED6F7A28EE077A51
:10C8D000D4F80021F6EE007A27EE277A82ED047A6A
:10C8E00093ED6F7A28EE877AD4F8002127EE277A25
:10C8F00082ED057A93ED6F7A29EE477AD4F800211C
:10C9000027EE277A82ED0A7A93ED6F7A29EE877AFD
:10C91000D4F8002127EE277A82ED0B7A93ED6F7A17
:10C9200069EEC79AD4F8002169EEA79AC2ED109A71
:10C9300093ED6F7A29EE479AD4F8002129EE279AD1
:10C9400082ED119A93ED6F7A68EE878AD4F8002110
:10C9500068EEA78AC2ED168A93ED6F7A28EE478AB1
:10C96000D4F8002128EE278A82ED178AD4F8F8201F
:10C97000D2ED1C6A93ED747AC6EE877AC2ED1C7A0A
:10C98000D4F8F820D2ED236A93ED747AC6EE877A54
:10C99000C2ED237AD4F8F83093ED1C7ADFED127AE9
:10C9A000B4EEE77AF1EE10FA01DDC3ED1C7AD4F8AB
:10C9B000F83093ED237ADFED0C7AB4EEE77AF1EEFE
:10C9C00010FA01DDC3ED237ABDEC048B10BD00BF6E
:10C9D0009882002094820020908200208C82002087
:10C9E000888200205083002000401C4638B5044651
:10C9F0009022D0F8F810084805F0E6FF48252A46AE
:10CA0000D4F81C11054805F0DFFF2A46D4F80C11B4
:10CA1000034805F0D9FF38BDFC0000200483002046
:10CA2000BC8200202DE9F84F044600F1780500F1A2
:10CA300080073946284607F0A1FF84F8C800B4F8FB
:10CA40007830A4F8A830B4F85A30A4F8AA3004F129
:10CA5000580A04F1A80842465146284607F024FF28
:10CA600084F8C800B4F8A830A4F8B030B4F8823024
:10CA7000A4F8B23004F1B0094A463946404607F0FE
:10CA800013FF84F8C800B4F89030A4F8A030B4F8CC
:10CA90009230A4F8A23004F1A0052A4604F19001D6
:10CAA000484607F071FD84F8C8004946284607F05B
:10CAB00085FD84F8C800D4F8EC30D3ED007AC54A7F
:10CAC000C2ED007A93ED016AC34A82ED006AD3EDAC
:10CAD000026AC24AC2ED006A93ED037AC04B83ED4D
:10CAE000007AB4F87830A4F8B8300123A4F8BA304A
:10CAF00066EE075A27EEA65A75EEC55AD4F82C31C1
:10CB000075EEA55AC3ED005A67EE865A26EE875A8F
:10CB100075EE855AD4F82C3175EEA55AC3ED015A3D
:10CB200067EEA77A26EE066A77EEC67A66EEA66A02
:10CB300077EEE67A27EE077AD4F82C3177EE877A0B
:10CB4000C3ED027A002512E0D4F82C3103EB850303
:10CB500093ED000AB0EEC00A06F0C2FA05F16002D9
:10CB6000A04B03EB820383ED010A0135EDB2022DE8
:10CB7000EAD9B4F84830A4F8C0304FF0010BA4F85B
:10CB8000C2B004F1B80504F1C0063246294604F1EA
:10CB9000480007F0DDFE84F8C800B4F8C030A4F8FF
:10CBA000A830A4F8AAB042463146484607F07CFEB9
:10CBB00084F8C800A4F8B8B0B4F8C030A4F8BA300B
:10CBC0002946304607F0DAFE84F8C800DFF828B2BC
:10CBD0005A464146284607F067FE84F8C8009BED98
:10CBE000027ADBED037AABF5E07BF6EE006A67EEE6
:10CBF000A66AB4EEE67AF1EE10FA02D501228BF8BD
:10CC00003821B4EEE77AF1EE10FA45DD754B93F872
:10CC10003831002B40D0734B93F83931DBB1714A76
:10CC2000D2F84031D2F84411013341F10001C2F889
:10CC30004031C2F844116B4BD3F84021D3F8443152
:10CC4000332A73F100030CD30023664A82F838318B
:10CC500084F82C3046E0634B00200021C3E95001EA
:10CC6000E9E7227B604D2B8803FB02F2D4F8EC103D
:10CC7000D4F8E80005F0A8FE227B2B8802FB03F322
:10CC800003FB02F2D4F8FC10D4F8F80005F09CFE87
:10CC9000012384F82C309AE0DFED546A67EEA66A2F
:10CCA000B4EEE67AF1EE10FA0FDD4E4B93F8383120
:10CCB0005BB137EEC77ADFED4E6A67EEA67AC7EE54
:10CCC000276A484BC3ED676A04E0464B4FF07E523B
:10CCD000C3F89C21434B00200021C3E950010023ED
:10CCE00084F82C30B4F85830A4F8A830B4F8823066
:10CCF000A4F8AA3042463946504607F0D5FD84F8DC
:10CD0000C80004F198073A464946404607F0CCFD72
:10CD100084F8C80000230EE0D4F81C2102EB830243
:10CD2000D2ED007A2F4991ED677A67EE877AC2EDEE
:10CD3000007A0133DBB2B4F89820B4F89A1001FB02
:10CD400002F29342E8DB042201E00132D2B2052A6A
:10CD50001DD80023022BF8D8D4F81C1102EB420096
:10CD6000184401EB8001D1ED007A02F15C0C1D4802
:10CD700000EB8C0090ED016ADFED1E6A86EE267AEC
:10CD800067EE877AC1ED007A0133DBB2E2E7B4F8EF
:10CD90009830A4F8B8300123A4F8BA302A463146B6
:10CDA000384607F081FD84F8C8000E4B93F83831FF
:10CDB000002B50D1D4F8BC300022DA6004F13002EC
:10CDC000294604F1380007F0DFFB84F8C800BDE80D
:10CDD000F88F00BFB8820020B4820020B08200200B
:10CDE000AC8200205083002076820020CDCCCC3D48
:10CDF0006666663FDA0FC93F108500200133DBB25B
:10CE0000052BD7D8D4F8BC20990002EB830292ED11
:10CE1000007A1248D0ED6F7ADFED116A67EEA67ADC
:10CE2000B4EEE77AF1EE10FA01DDC2ED007AD4F843
:10CE3000BC200A4492ED007A0849D1ED6F7ADFED0B
:10CE4000096A67EEA67AB4EEE77AF1EE10FAD5D564
:10CE5000C2ED007AD2E70423D2E700BF508300205E
:10CE60000AD7233C0AD723BC10B52DED048B04460A
:10CE7000D0F8EC3093ED009A39EE099A2E4A82ED03
:10CE8000009A93ED018A38EE088A2C4A82ED008AD6
:10CE9000D3ED029A79EEA99A294AC2ED009AD3ED10
:10CEA000038A78EEA88A274BC3ED008A827B264B43
:10CEB0001B8802FB03F3027B03FB02F20021D0F884
:10CEC0000C0105F01FFDD4F80C31F1EE697AC3EDC9
:10CED000007AD4F80C31C3ED018AD4F80C31B1EEEC
:10CEE000497A83ED027AD4F80C3183ED038AD4F8C1
:10CEF0000C3183ED068AD4F80C3183ED079AD4F80F
:10CF00000C31C3ED088AD4F80C31C3ED099AD4F87A
:10CF10000C3183ED0C9AD4F80C31B1EE488A83EDD4
:10CF20000D8AD4F80C31C3ED0E7AD4F80C31C3ED70
:10CF30000F8ABDEC048B10BDA8820020A4820020C3
:10CF4000A08200209C8200207682002038B5044612
:10CF50002F4B01221A7083ED6C0AC3ED6D0A83ED2D
:10CF60006E1A2C4AC3F8CC21002283F83821002005
:10CF70000021C3E95001C3E95201F7EE007AF4EE53
:10CF8000E71AF1EE10FA01DDF0EE671A204DC5ED5B
:10CF9000741A85ED642A032300220621281DFFF759
:10CFA0003DF805F5E4730122114605F5E07007F040
:10CFB00001FB002309E0164AD2F8EC2002EB8302C1
:10CFC00004EB8301096811600133032BF3DD104C7E
:10CFD000114BC4F8D030114BC4F8D430104BC4F806
:10CFE000D830104BC4F8DC30012384F82E3084F89C
:10CFF0002F3090252A460C49D4F8040105F0E4FCB2
:10D000002A460A49D4F8FC0005F0DEFC38BD00BF12
:10D010005083002077CC2B32EDC900084DC80008A2
:10D0200069CE000825CA0008E44D0108FC00002074
:10D0300010B52DED088BF0EE61AAB0EE42AAF0EE2D
:10D04000629A804C84ED6F3AD4ED587A30EE670ADC
:10D0500084ED5B0AD4ED597A70EEE70AC4ED5C0A00
:10D06000D4ED5A7A31EE671A84ED5D1AF6EE007A45
:10D0700020EE270A20EE039A734B83ED009A60EEB0
:10D08000A70A20EE838A714B83ED008A21EE271ACE
:10D0900061EE038A6E4BC3ED008A90226D49D4F88D
:10D0A000040105F091FCD4F80431F1EE497AC3EDA6
:10D0B000017AD4F80431F1EE486AC3ED026AD4F87B
:10D0C0000431B1EE687A83ED037AD4F8043183ED4C
:10D0D000069AD4F80431C3ED088AD4F80431C3EDBC
:10D0E000096AD4F8043183ED0C8AD4F8043183ED55
:10D0F0000D7AD4F8043183ED0F9AD4F80431C3EDDE
:10D10000128AD4F8043183ED138AD4F80431C3EDC4
:10D11000147AD4F84831D4F84C21134305D1C4ED26
:10D120005EAA84ED5FAAC4ED609A464B93ED5E7AE9
:10D13000D3ED645A27EE257A93ED6F6A75EE866A11
:10D14000C7EE267A66EE2AAA8AEEA67A77EE877A64
:10D15000C3ED5E7A93ED5F5A25EE855A85EE267A09
:10D1600026EE0AAA8AEE265A37EE057A83ED5F7A12
:10D1700093ED605A65EE855A85EEA60A26EE296A79
:10D18000C6EE265A30EE250A83ED600A67EEA77ACE
:10D1900027EE077A77EE877A20EE000A37EE800ACC
:10D1A000FFF73CFBB0EE408A2B4B83ED000A0023D7
:10D1B0000FE0244903F15E0201EB8202D2ED007A16
:10D1C0008A6802EB830268EE277AC2ED007A0133A7
:10D1D000DBB2022BEDD91B4C94ED5B0A20EE000A6A
:10D1E000D4ED5C7A67EEA77A70EE277A94ED5D0A4B
:10D1F00020EE000A37EE800AFFF710FBB7EE007A48
:10D20000C7EE007AC4ED657AC7EE086AC4ED666AB7
:10D210009FED127AF4EEC77AF1EE10FA24D5DFED25
:10D22000107AF4EEE76AF1EE10FA1DDDDFED0D7A0B
:10D23000F4EEE76AF1EE10FA16D5012284F83921EE
:10D2400016E000BF508300208482002080820020EE
:10D250007C820020E44D0108788200209A99993E52
:10D26000CDCC1441CDCC2441744B002283F839211C
:10D27000724CD4ED6C7A94ED6F7AD4F8183167EE75
:10D28000877AC3ED007AD4ED6C7A94ED6F7AD4F896
:10D29000183167EE877AC3ED077AD4ED6C7A94ED96
:10D2A0006F7AD4F8183167EE877AC3ED0E7AD4ED31
:10D2B0006C7A94ED6F7AD4F8183167EE877AC3ED03
:10D2C000157AD4ED6D7A94ED6F7AD4F8183167EE53
:10D2D000877AC3ED1C7AD4ED6D7A94ED6F7AD4F829
:10D2E000183167EE877AC3ED237AD4F81C21D4F87D
:10D2F000B8311360D4F81C211361D4F81C31D4F870
:10D30000B8211A62201DFFF70DFA6368D3ED008A79
:10D31000C4ED548A93ED018A84ED558AD3ED02AAB7
:10D32000C4ED56AA93ED03AA84ED57AA1A69C4F86E
:10D3300060215B69C4F864310023C4F8683128EEC9
:10D340008A0A68EE2A7A30EE270A28EEA89A68EE52
:10D35000080A79EE200A70EEA00AF7EE00BA70EE25
:10D36000EB0A30EE000A05F013FF9FED35BA60EED0
:10D370000B9AC4ED6A9A28EE880A6AEE8A7A30EE31
:10D38000270A6AEE0A7A39EE279A39EE099A79EE77
:10D390006B0A30EE000A05F0FBFE20EE0B0A84ED6E
:10D3A000690A28EE0A8A68EEAA8A38EE688AB8EE18
:10D3B000000A28EE000A05F0BFFE20EE0B0A84EDFD
:10D3C000680AD4ED767A79EEE77A9FED1E7AF4EE6C
:10D3D000C77AF1EE10FA23DDB4F9D431013BA4F899
:10D3E000D431164BB3F9D42107EE902AF8EEE77A40
:10D3F0009FED157A67EE877A79EEA77AC3ED6B7A9F
:10D40000C3ED769AD3F84821D3F84C11013241F19B
:10D410000001C3F84821C3F84C11BDEC088B10BDC6
:10D420009FED0A7AF4EEC77AF1EE10FAD9D5034AE5
:10D43000B2F9D4310133A2F8D431D2E750830020BD
:10D44000E12E6542000034430000B443000034C3C1
:10D45000034610B10020024609E0704713F801CBE3
:10D460008CEA000C034810F80C00013292B28A4298
:10D47000F4D37047744E0108F0EE405AB5EEC00A7E
:10D48000F1EE10FA1ED9F6EE007A20EE270A9FED93
:10D490000F6A25EE866A60EE007A77EEE57A70EE26
:10D4A000006A87EEA67A30EE470AB4EEE76AF1EE3C
:10D4B00010FAF0D4B1EE467AB4EEE77AF1EE10FA53
:10D4C000E9DC70479FED020A704700BF6F12833A94
:10D4D00000000000B4EEE00AF1EE10FA07D4B4EE5A
:10D4E000C10AF1EE10FA04DDB0EE410A7047B0EE69
:10D4F000600A7047FDEEC07A0C4BC3ED007AB8EEBF
:10D50000E77A30EE470A0A4B83ED000AB6EE007A5E
:10D51000B4EEC70AF1EE10FA04DD17EE903A0133CB
:10D52000024A1360014B1868704700BF3485002021
:10D530003085002010B52DED048B044690ED009A47
:10D5400069EE097AD0ED018A28EEA87A77EE877A1B
:10D5500090ED028A28EE080A37EE800AFFF78CFF6A
:10D56000C9EE007AC4ED007AC8EE807AC4ED017A83
:10D57000C8EE007AC4ED027A2046BDEC048B10BDE3
:10D58000D0ED017A91ED027A67EE877A90ED027A1A
:10D59000D1ED016A27EE267A77EEC77AC2ED007ADE
:10D5A000D0ED027A91ED007A67EE877A90ED007AFD
:10D5B000D1ED026A27EE267A77EEC77AC2ED017ABC
:10D5C000D0ED007A91ED017A67EE877A90ED017ADD
:10D5D000D1ED006A27EE267A77EEC77AC2ED027A9D
:10D5E0007047D0ED007A91ED007A67EE877A90ED82
:10D5F000017AD1ED016A27EE267A77EE877A90EDEF
:10D60000020A91ED027A20EE070A37EE800A70478F
:10D61000B5EEC00AF1EE10FA07DCB5EE400AF1EE05
:10D6200010FA04D04FF0FF307047012070470020FF
:10D630007047B0EEC07AF7EE007AB4EEE77AF1EE1A
:10D6400010FA07D908B5FFF7E3FF00EE100AB8EEAD
:10D65000C00A08BD7047B0B138B50C46054689B15F
:10D660004022002105F04EF923682B6063686B604F
:10D67000A368AB60E368EB6023692B6163696B614E
:10D68000A369AB6138BD7047002870D010B52DED8F
:10D69000068BB0EE419A044680ED070AC0ED080AF9
:10D6A00080ED021A30EE418A80ED0A8A90ED0E7A02
:10D6B00031EE477AD0ED0C7A77EE677AC0ED0D7ACD
:10D6C00080ED0C7AB0EEC86AD0ED036AB4EEE66A7B
:10D6D000F1EE10FA40D4D0ED006A68EE269A70EEB2
:10D6E000C70A79EEA09AC0ED0F9A90ED05AA66EEF2
:10D6F000A06A77EEE68AD0ED06AAB0EE690AFFF7D7
:10D7000098FF6AEE80AA78EEEA7A94ED017A69EEE3
:10D71000879A77EEE97A2AEE277A84ED097AD4EDB2
:10D72000047AB4EEE77AF1EE10FA01DDC4ED097A7D
:10D7300094ED097AF1EE677AB4EEE77AF1EE10FA39
:10D7400001D5C4ED097A84ED0B8A84ED0E9A94ED2F
:10D75000090ABDEC068B10BD9FED060A80ED090A93
:10D7600080ED0F0A80ED0B8A80ED0E1AF1E79FED38
:10D77000010A70470000000038B50D46144640F01D
:10D78000800000F00DFD06E0552000F009FD05F8D1
:10D79000010B013CE4B2002CF6D138BD10B50C46AB
:10D7A00000F0FEFC204600F0FBFC10BD10B50C465E
:10D7B00040F0800000F0F4FC552000F0F1FC2070F7
:10D7C00010BD000030B52DED048B89B00446002358
:10D7D00006930793FDF718FEBF4B83ED000A9FEDFC
:10D7E000BF8AF0EE488AFDF70FFEBB4BD3ED007AFF
:10D7F00030EE670AF2EE087AB4EEE70AF1EE10FABC
:10D800000CDC9FEDB70AFDF743FE00232363636240
:10D81000A362E362B0EE689A0025DAE0B14B63627E
:10D82000B14BA362E362B14B2363B14BA36194EDAF
:10D830000C7ADFEDB06AC6EE877AC4ED087A09B0DB
:10D84000BDEC048B30BD9DF81B301B021BB29DF854
:10D850001A20134307EE903AA74B93ED007AF8EEA7
:10D86000E77A67EE877AC4ED037AD4ED096A77EE3A
:10D87000A67AC4ED097A9DF81D301B021BB29DF8F3
:10D880001C20134307EE903AF8EEE77A67EE877AAA
:10D89000C4ED047AD4ED0A6A77EEA67AC4ED0A7A6A
:10D8A0009DF81F301B021BB29DF81E20134307EE8C
:10D8B000903AF8EEE77A67EE877AC4ED057A94ED50
:10D8C0000B7A77EE877AC4ED0B7AE6E00023022B21
:10D8D0000DD89A1C04EB8202516808AA02EB83025D
:10D8E00042F8141C42F8201C0133DBB2EFE7B0EE23
:10D8F000688A78EEC86A814BC3ED006A00233BE07A
:10D900000133DBB2022B24D819469A1C04EB8202A5
:10D91000D2ED017A08AA02EB830212ED057AF4EE49
:10D92000C77AF1EE10FA04DD08AA02EB830242ED99
:10D93000057A08AA02EB810212ED087AF4EEC77AA2
:10D94000F1EE10FADCD508AA02EB810141ED087A6C
:10D95000D6E7F0EE498ACCE708AA02EB830252ED43
:10D96000057A12ED087A77EEC77A654A02EB8302F0
:10D97000C2ED007A0133DBB2022BEDD9F6EE007A6C
:10D98000F4EEE76AF1EE10FA00F39C805C4B93ED45
:10D99000007ADFED5C7AB4EEE77AF1EE10FA00F38C
:10D9A000918093ED017AB4EEE77AF1EE10FA00F38C
:10D9B000898093ED027AB4EEE77AF1EE10FA00F383
:10D9C00081809FED510AFDF763FD0135ADB2B0EEE8
:10D9D000689A41F26F739D4272D800F0B9FB9220B1
:10D9E00000F0DEFB062206A91220FFF7C5FE00F0BC
:10D9F000B9FB9DF819301B021BB29DF81820134388
:10DA000007EE903AF8EEE77A404A92ED007A67EE38
:10DA1000877AC4ED007A9DF81B301B021BB29DF87B
:10DA20001A100B4307EE103AD2ED006AB8EEC77A2F
:10DA300027EE267A84ED017A9DF81D301B021BB279
:10DA40009DF81C20134300EE103AB8EEC00A20EEF9
:10DA5000260A84ED020A67EEA77A27EE077A77EEA8
:10DA6000877A20EE000A37EE800A05F093FBF0EE8D
:10DA7000408AD4ED0C7A77EE807AC4ED0C7A00F00F
:10DA80007BFB082206A90020FFF776FE00F07EFB54
:10DA90009DF818300F2B3FF4D6AE002D3FF416AF93
:10DAA000B4EEE89AF1EE10FA01D5B0EE689AB4EE51
:10DAB000E88AF1EE10FA01DDB0EE688A002321E772
:10DAC000F0EE498AD4ED0C6A9FED117AC6EE877AA2
:10DAD000C4ED0C7A00232BE04485002000000000F8
:10DAE0000AD7A33BAC38223BB016CE393F161B41B8
:10DAF00000002042C3F51C419001002080850020D9
:10DB0000848500209A99193E6F12033A94010020EF
:10DB10000080BB4503F1080204EB8202D2ED016AEA
:10DB20001FED057AC6EE877AC2ED017A0133DBB2CA
:10DB3000022BEFD900F00CFBA22000F031FB0222F7
:10DB400006A92220FFF718FE00F00CFB9DF8182014
:10DB50009DF819305B0943EAC203B3F5806F01DB1E
:10DB6000A3F5006307EE903AF8EEE77AB4EE007A98
:10DB700067EE877AB3EE077A77EE877AC4ED067A96
:10DB80002D4A1388013313802C4B93ED007AF6EE67
:10DB9000007AB4EEE77AF1EE10FA3FF724AED4ED56
:10DBA0000C7A9FED277A77EEC77AF0EEE77AB6EE39
:10DBB000007AF4EEC77AF1EE10FA3FF714AE214B7B
:10DBC00093ED007ADFED207AB4EEE77AF1EE10FA09
:10DBD0003FF709AE93ED017AB4EEE77AF1EE10FA71
:10DBE0003FF701AE93ED027AB4EEE77AF1EE10FA68
:10DBF0003FF7F9ADD4ED097AF0EEE77A9FED137AAD
:10DC0000F4EEC77AF1EE10FA3FF7EDADD4ED0A7AF3
:10DC1000F0EEE77AF4EEC77AF1EE10FA3FF7E3ADF3
:10DC2000D4ED0B7AF0EEE77AF4EEC77AF1EE10FA63
:10DC30003FF7D9ADFBE500BF7C8500208085002043
:10DC4000CDCC1C41848500209A99193E0AD7233CEB
:10DC500070B52DED028B00F07BFA802000F0A0FA69
:10DC6000552000F09DFA552000F09AFA4C4C207097
:10DC700000F078FA9FED4B8AB0EE480AFDF708FCF9
:10DC800000F066FA802000F08BFA552000F088FA48
:10DC9000552000F085FA207000F064FAB0EE480AD2
:10DCA000FDF7F6FB00F054FAB6217E20FFF776FD73
:10DCB00000F058FA9FED3C0AFDF7EAFB00F048FA45
:10DCC000802000F06DFA552000F06AFA552000F02F
:10DCD00067FA207000F046FAB0EE480AFDF7D8FB6C
:10DCE00000F036FA802000F05BFA552000F058FA78
:10DCF000552000F055FA207000F034FAB0EE480AD2
:10DD0000FDF7C6FB23781E2B48D1284B00221A7042
:10DD100002E00133254A1370244B1B78052B39D8B8
:10DD200000F016FA214D2B78214C03EB4303E21847
:10DD30005178E05CFFF732FD00F014FA9FED198A8C
:10DD4000B0EE480AFDF7A4FB00F002FA2B7803EBD3
:10DD50004303E05C40F0800000F022FA552000F020
:10DD60001FFA552000F01CFA0D4E307000F0FAF941
:10DD7000B0EE480AFDF78CFB2B7803EB430214440A
:10DD8000617832789142C4D0A2780A490878024377
:10DD90000A70BEE70020BDEC028B70BDFF20FAE7E1
:10DDA000928500206F12833A0AD7A33D9185002007
:10DDB000884F01089085002070B52DED028B00F092
:10DDC000DBF9454C21460020FFF7F0FC00F0DEF9BE
:10DDD0009FED428AB0EE480AFDF75AFB00F0CCF9FD
:10DDE00021460020FFF7E2FC00F0D0F9B0EE480A2F
:10DDF000FDF74EFB00F0C0F9B6211420FFF7CEFC72
:10DE000000F0C4F99FED360AFDF742FB00F0B4F9CB
:10DE100021460020FFF7CAFC00F0B8F9B0EE480A2E
:10DE2000FDF736FB00F0A8F921460020FFF7BEFC05
:10DE300000F0ACF9B0EE480AFDF72AFB23780F2B6F
:10DE400048D1284B00221A7003E0264A1378013388
:10DE50001370244B1B78052B38D800F08DF9214D19
:10DE60002B78214C03EB4303E2185178E05CFFF779
:10DE700095FC00F08BF99FED198AB0EE480AFDF78A
:10DE800007FB00F079F9144E2B7803EB430331467E
:10DE9000E05CFFF78BFC00F079F9B0EE480AFDF783
:10DEA000F7FA2B7803EB43021444617832789142FD
:10DEB000CBD0013BDBB22B7003EB43030B4A134483
:10DEC0009B780B4A11780B431370BEE70020BDEC22
:10DED000028B70BDFF20FAE7928500206F12833A13
:10DEE0000AD7A33D91850020744F0108884F01088F
:10DEF0009085002038B50D46114B1860114C002359
:10DF00002370FFF7A5FE237818432070FFF754FF16
:10DF100023781843207075B90B4B0C4A5A620C4A8F
:10DF20009A62DA620B4A1A630B4A1A620B4A9A61C6
:10DF3000044B187838BD0448FFF744FCF8E700BFED
:10DF4000948500209085002048850020AC38223B35
:10DF5000B016CE393F161B41C48B813F00002042D2
:10DF600038B5054600F0F4F8922000F019F9734C2A
:10DF7000062221461220FFF7FFFB00F0F3F863783A
:10DF80001B021BB2227813436D4A138007EE903AAE
:10DF9000F8EEE77A6B4991ED007A67EE877A95EDB6
:10DFA000087A67EE877AC5ED007AE3781B021BB228
:10DFB000A07803431380D1ED006A07EE903AF8EEA3
:10DFC000E77A67EEA67A67EE277AC5ED017A63797C
:10DFD0001B021BB221790B43138007EE903AF8EE37
:10DFE000E77A67EEA67A27EE277A85ED027A00F0C7
:10DFF000C3F8082221460020FFF7BEFB00F0C6F858
:10E0000023780F2B2BD000F0A3F8A22000F0C8F843
:10E010004A4C022221462220FFF7AEFB00F0A2F874
:10E02000227863785B0943EAC203454A1380B3F55B
:10E03000806F02DBA3F500631380414BB3F900301E
:10E0400007EE903AF8EEE77AB4EE007A67EE877A58
:10E05000B3EE077A77EE877AC5ED077A38BD3A4B8B
:10E060001B78002B3AD0E3781B021BB2A1780B433C
:10E0700033490B80354890ED007A07EE903AF8EE80
:10E08000E77A67EE877AD5ED096A77EEE67AC5ED2D
:10E09000037A63791B021BB2207903430B8007EEDE
:10E0A000903AF8EEE77A67EE877AD5ED0A6A77EE6E
:10E0B000E67AC5ED047AE3791B021BB2A279134319
:10E0C0000B8007EE903AF8EEE77A67EE877A95EDE7
:10E0D0000B7A77EEC77AC5ED057A94E7174AD378BD
:10E0E0001B021BB291780B4315490B80174890ED2A
:10E0F000007A07EE903AF8EEE77A67EE877AC5ED98
:10E10000037A53791B021BB2107903430B8007EE8D
:10E11000903AF8EEE77A67EE877AC5ED047AD3791C
:10E120001B021BB2927913430B8007EE903AF8EE74
:10E13000E77A67EE877AC5ED057A64E73C850020CB
:10E1400038850020940100208C01002090010020DF
:10E1500008B5002210210248F7F7C8F808BD00BF33
:10E160000000024008B5012210210248F7F7BEF86E
:10E1700008BD00BF0000024008B50022012102488E
:10E18000F7F7B4F808BD00BF0004024008B501224B
:10E1900011460248F7F7AAF808BD00BF0004024084
:10E1A00000B587B08DF80F004FF47A730093012308
:10E1B0000DF117020DF10F0104480068F9F70DFC8D
:10E1C0009DF8170007B05DF804FB00BF94850020A0
:10E1D000014B1B6858637047740C002070B52DED1F
:10E1E000028B8AB006460024079408940994002301
:10E1F000049305934FF07E53069301940294039485
:10E2000021E0354D2846FFF7ABFE95ED007ADDEDB8
:10E21000077A77EE877ACDED077A95ED017ADDED15
:10E22000087A77EE877ACDED087A95ED027ADDED02
:10E23000097A77EE877ACDED097A9FED280AFDF706
:10E2400027F90134E4B2632CDBD900230CE00AAADD
:10E2500002EB830252ED036A9FED217AC6EE877AC4
:10E2600042ED037A0133DBB2022BF0D907A8FFF7A6
:10E2700061F904A907A8FFF7B4F904F031FFB0EE83
:10E28000408A01AA04A907A8FFF77AF901A8FFF7B5
:10E2900051F9F6EE007A28EE278AB0EE480A04F02B
:10E2A00097FF86ED000A002410E00AAB03EB84031D
:10E2B00053ED098AB0EE480A05F008F8013406EB80
:10E2C000840368EE808AC3ED008AE4B2012CECD9A5
:10E2D0000AB0BDEC028B70BD488500206F12833AF6
:10E2E0000000C84270B52DED068B86B004460D4681
:10E2F000164690ED040A9F4BD3ED007A70EE677AD4
:10E30000F0EEE77A9FED9C7AF4EEC77AF1EE10FA20
:10E3100022DCD0ED057A994B93ED007A77EEC77A3F
:10E32000F0EEE77A9FED947AF4EEC77AF1EE10FA08
:10E3300012DCD0ED067A924B93ED007A77EEC77A35
:10E34000F0EEE77A9FED8C7AF4EEC77AF1EE10FAF0
:10E3500002DC0378002B6ED09FED8AAA80EE0A0AB9
:10E3600006F03AFBB0EE409A94ED050A80EE0A0AF8
:10E3700006F032FBF0EE408A94ED060A80EE0A0ABF
:10E3800006F02AFBF0EE40AA94ED040A80EE0A0A99
:10E3900006F074FBB0EE408A94ED050A80EE0A0A9E
:10E3A00006F06CFBF0EE409A94ED060A80EE0A0A45
:10E3B00006F064FB69EE2A6A28EE297A27EE007AD5
:10E3C00036EE877A704B83ED007A28EE887A6F4BB1
:10E3D00083ED007A29EE007A2AEE886A66EE295AE1
:10E3E00037EE657A6A4B83ED007A29EE297A27EEBB
:10E3F000007A37EE467A674B83ED007A29EE289A49
:10E40000654B83ED009A28EE408A66EEA96A38EEE5
:10E41000668A624B83ED008A68EEC07A604BC3ED7A
:10E42000007A604BC3ED009A68EEAA8A5E4BC3ED9A
:10E43000008A00232370002310E005EB8302D2ED55
:10E44000007A04EB830292ED017A67EE877A06AADE
:10E4500002EB830242ED037A0133DBB2022BECD9EB
:10E46000DDED037A484B93ED006A27EE867A9DED49
:10E47000045A464BD3ED002A65EE226A37EE267A1F
:10E48000DDED055A424B93ED003A65EE836A37EEB7
:10E49000267A85ED007A3F4BD3ED006A27EEA67A07
:10E4A0003D4BD3ED003A65EE234A37EE247A3B4BE1
:10E4B00093ED004A65EE844A37EE247A85ED017AC1
:10E4C000374B93ED007A67EE877A364BD3ED004AEF
:10E4D00025EE245A77EE857A334B93ED005A65EE9C
:10E4E000855A77EEA57AC5ED027A002309E006EB9E
:10E4F0008302116806AA02EB830242F8181C01335A
:10E50000DBB2022BF3D99DED002A26EE026ADDED87
:10E51000015A62EEA52A36EE226ADDED027A23EE7A
:10E52000273A36EE036A86ED006A66EE826A63EE8B
:10E53000A53A76EEA36A24EE274A76EE846AC6ED03
:10E54000016A27EE027A64EEA54A37EE247A25EEB8
:10E55000275A37EE057A86ED027A2269054B1A6052
:10E560006269064B1A60A269054B1A6006B0BDECE1
:10E57000068B70BDC48500206F12833AC0850020D1
:10E58000BC850020E12E6542B8850020B4850020BE
:10E59000B0850020AC850020A8850020A48500203F
:10E5A000A08500209C8500209885002010B50F4C88
:10E5B000DFED0F0A0F4B93ED070A2046FDF703FC32
:10E5C00094ED140AFEF796FF00EE100A9FED0A1A6A
:10E5D000DFED0A0AB8EEC00AFEF77CFFBCEEC00A07
:10E5E00010EE103A98B2FFF7F3FD10BDD885002069
:10E5F00000002042488500200000804F00000000FD
:10E600002E4B93F878300BB12D48704730B52DED77
:10E61000028B91B0294B012283F8782000212948F0
:10E62000F9F7B8FF01212848FFF764FC0028F9D169
:10E63000264BB7EE008A83ED018A83ED028A83EDD3
:10E64000038ADFED238AC3ED048AC3ED058AC3ED97
:10E65000068A01251D7000240C940D940E940F94CD
:10E660000CA8FFF7BBFDB0EE682AF0EE481A9FED4C
:10E67000191ADFED190AB2EE040A0CA8FEF766FCBF
:10E680002C22214601A804F03DF9144B0193144BB0
:10E690000293144B04938DF81850134B079301A960
:10E6A0001248FDF76BFB054B114A9A621148FCF7C3
:10E6B0001DFE034811B0BDEC028B30BD6C860020FE
:10E6C000BC860020740C00201C0C0020508600200A
:10E6D00000000000002474496F12833A00007A445D
:10E6E0000000A0410000FA4400009643D8850020B5
:10E6F00096430B3CD485002092ED026A66EE067AC2
:10E70000F6EE006A76EEE77A92ED037A67EE075A44
:10E7100077EEE57AD0ED005A67EEA57AD2ED014AA0
:10E7200066EE245A92ED005A27EE054A75EEC45A59
:10E7300090ED014A65EE845A77EEA57A27EE247AA9
:10E7400026EE056A37EE067A90ED026A27EE067A23
:10E7500077EE877A77EEA77AC1ED007AD2ED015A8B
:10E7600092ED027A65EE877AD2ED004A92ED035A75
:10E7700024EE856A77EE867A90ED006A67EE867AF7
:10E7800025EEA56A36EEC66A25EE054A36EE446ADF
:10E7900090ED014A26EE046A77EE867A27EE057A36
:10E7A00065EEA45A37EE657A90ED026A27EE067A96
:10E7B00077EE877A77EEA77AC1ED017AD2ED015A2A
:10E7C00092ED037A65EE877A92ED005A92ED026A35
:10E7D00065EE064A77EEE47AD0ED004A67EEA47A59
:10E7E00027EE067A25EE855A37EE057A90ED015A26
:10E7F00027EE057A77EE877A65EEA55A76EEE56A1A
:10E8000026EE066A76EEC66A90ED027A66EE876AB2
:10E8100077EEA67A77EEA77AC1ED027A704792ED8D
:10E82000026A66EE067AF6EE006A76EEE77A92ED16
:10E83000037A67EE075A77EEE57AD0ED005A67EE75
:10E84000A57AD2ED014A66EE245A92ED005A27EEDF
:10E85000054A75EE845A90ED014A65EE845A77EECA
:10E86000A57A27EE247A26EE056A37EE467A90EDF1
:10E87000026A27EE067A77EE877A77EEA77AC1EDFD
:10E88000007AD2ED015A92ED027A65EE877AD2EDE6
:10E89000004A92ED035A24EE856A77EEC67A90ED2F
:10E8A000006A67EE867A25EEA56A36EEC66A25EE20
:10E8B000054A36EE446A90ED014A26EE046A77EE88
:10E8C000867A27EE057A65EEA45A37EE257A90ED22
:10E8D000026A27EE067A77EE877A77EEA77AC1ED9D
:10E8E000017AD2ED015A92ED037A65EE877A92EDC4
:10E8F000005A92ED026A65EE064A77EEA47AD0EDF0
:10E90000004A67EEA47A27EE067A25EE855A37EE9E
:10E91000457A90ED015A27EE057A77EE877A65EE13
:10E92000A55A76EEE56A26EE066A76EEC66A90EDA0
:10E93000027A66EE876A77EEA67A77EEA77AC1ED5D
:10E94000027A704770B586B0002303930493534B4B
:10E9500005935348FCF7CAFC524E86ED000A524B11
:10E96000D3ED007A77EE807AC3ED007A4F4D2846DA
:10E97000FFF7F6FA2B684E4CE3656B682366AB68CD
:10E980006366EB6823652B6963656B69A36504F1B6
:10E990005C0204F150014748FFF7A4FC96ED003AF1
:10E9A000D4ED192A94ED182AD4ED171A94ED161AFD
:10E9B000D4ED150A94ED140AFEF73AFB3E4B0FCB4B
:10E9C00084E80F00224604F12C013C48FFF794FE36
:10E9D000224604F138013A48FFF78EFE224604F140
:10E9E00044013848FFF788FE2246694603A8FFF72E
:10E9F00016FF002327E02E4A03F1160102EB8101E6
:10EA000091ED017A06A901EB830151ED067A37EE0B
:10EA1000677A2449D1ED007A27EE277AD2ED0A6A87
:10EA200077EEA67A87EE276A191D02EB810292ED36
:10EA3000007A66EE876A86EEA77A76EE077AC2EDEE
:10EA4000007A0133DBB2022BD5D9194C224604F1EE
:10EA50001C0104F11000FFF74FFE1B4B93ED6A0AF7
:10EA600084ED1C0AD3ED690AC4ED1B0A93ED681A04
:10EA700084ED1A1AD3F8AC31636700F029F8134B10
:10EA80001B6813F0010F05D0104A1368013313609F
:10EA900006B070BDFFF78AFDF6E700BFC3F51C4165
:10EAA000D4850020D0850020CC850020488500201A
:10EAB0006C86002050860020A0840020B44F0108FE
:10EAC000A84F01089C4F010850830020C8850020F2
:10EAD000064B10EE102AC3F8032010EE902AC3F85C
:10EAE000072011EE102AC3F80B207047E88600209B
:10EAF000022815D0092818D09FED147ADFED147A7A
:10EB0000F4EEC07AF1EE10FA14D4B4EEC07AF1EE5D
:10EB100010FA15DCBDEEC00A10EE103A18B27047BC
:10EB20009FED0C7ADFED0C7AEAE79FED0A7ADFEDD4
:10EB30000A7AE5E7FDEEE77A17EE903A18B27047E9
:10EB4000BDEEC77A17EE103A18B27047000000C742
:10EB500000FEFF46000080C60000804630B50A79FE
:10EB6000531EDBB290F8EEC1BCF1030F1DD8BCF10F
:10EB7000020F28D2BCF1010F16D1032B62D84E4AE6
:10EB80000C6894425AD01A464FF0030C03F2052346
:10EB90008B604A4B4FF0010E03F80CE080F8ED213A
:10EBA00080F8ECC100235AE0FEE7BCF1090F09D15F
:10EBB000032B6BD8404A0C68944263D01A464FF03E
:10EBC000080C69E0F0E7032B18D83B4A0C68944224
:10EBD00010D01A464FF0040C03F201238B60374B20
:10EBE0004FF0010E03F80CE080F8ED2180F8ECC145
:10EBF000002310E01A464FF0010CEDE7053AD2B2BF
:10EC00002D4C0D68A54202D04FF0030CE4E74FF005
:10EC1000000CE1E701332A4A12789A4247D9294A7F
:10EC200052F82320D2F8E821D2F800C008688445C1
:10EC3000F0D1506B8A689042ECD1FEE71A464FF053
:10EC4000000CA3E7053AD2B21B4C0D68A54202D0D6
:10EC50004FF0050C9AE74FF0020C97E70133184A82
:10EC600012789A4223D9174A52F82320D2F8E82181
:10EC7000D2F800C008688445F0D1506B8A68904291
:10EC8000ECD1FEE71A464FF0060C05E0053AD2B289
:10EC9000094C0D68A5420BD003F205238B60074B8E
:10ECA000012103F80C1080F8ED2180F8ECC130BD93
:10ECB0004FF0070CF0E700BF28090020F88600207D
:10ECC00094870020648700207047000038B505460F
:10ECD000D0F83D40D4F8F00102F0FEFB04F5FA70E4
:10ECE000FCF704FB84ED7E0A94F8FC310B2B1BD857
:10ECF000DFED437A60EE277A424A02EB8302C2EDEF
:10ED0000007ADFED417AB4EEE70AF1EE10FA04DDA5
:10ED1000B7EE007AC7EE007A01E0DFED3C7A3C4ABC
:10ED200002EB8303C3ED007A6188218095F82C30D3
:10ED300095F82D2042EA0322628007EE902AF8EE31
:10ED4000676ADFED347A66EEA76AC4ED016AD4ED36
:10ED5000027A9FED317A27EE877A95F82E0095F8A2
:10ED60002F3043EA00231BB207EE903AF8EEE77A21
:10ED70009FED2A6A67EE867A77EE277AC4ED027AEB
:10ED8000B4F90C3007EE903AF8EEE77A9FED247A6A
:10ED900067EE877A95F8300095F8313043EA002322
:10EDA0001BB207EE103AB8EEC77A9FED1E6A27EE47
:10EDB000067A77EE877AFDEEE77A17EE903AA3812E
:10EDC00095F83230A373521AB2F5805F10DD636993
:10EDD000013B636163694FF4B47202FB03F307EE16
:10EDE000903AF8EEE77A77EEA67AC4ED047A38BD69
:10EDF00012F5805FEEDA636901336361EAE700BF11
:10EE000000007A4404870020ACC5273700000000CA
:10EE100034870020ACFF333D9899193E3433A3402A
:10EE2000D0CCCC3D6666663F042902D0022902D0D0
:10EE30007047027770474277FAE70023C0F86C31D9
:10EE4000C0F8F430C367C0F8E031002380F8EF3138
:10EE50007047012380F8EF317047000070B584B02F
:10EE600005464FF4007003F035FC04464FF4007281
:10EE7000002103F047FD95F8B9C084F8EEC104F114
:10EE8000180305F1B00207CA03C31A70E37F2BB160
:10EE9000BCF1090F4AD0BCF1010F47D005F11001B8
:10EEA00004F13800FCF76AFF05F13C0104F1B00001
:10EEB000FCF764FF05F1680104F59470FCF75EFF50
:10EEC0002B68A3626B68E362EB686363AB682363E0
:10EED00005F1BC0631462046FFF740FE1A4BC5F847
:10EEE000C830C5F8CC403046FCF7B2FCC4F8E801A5
:10EEF00000230193029303930223ADF80430134BD4
:10EF00000293039401A802F0C3FAC4F8F00120466A
:10EF1000FFF79FFF0E4A137884F8FC31591C1170DB
:10EF20000C4A42F82340204604B070BD05F194011C
:10EF300004F5D070FEF78FFB2B68A3626B68E36269
:10EF4000EB686363C4E700BFCDEC0008C9EC0008C0
:10EF500094870020648700200176704780ED780A4E
:10EF60007047000070B5002581E0B1EE400A8BE0EB
:10EF7000237F012B02D1637F012B0AD0B0EE401A10
:10EF8000D4ED020A94ED040A04F5D070FEF77CFB80
:10EF90004DE0A36AD3ED007AE36A93ED007A94F82A
:10EFA0002030012B0CD0B0EE401ADFED610A67EE85
:10EFB000200AB0EE670A04F5D070FEF765FB36E074
:10EFC000F1EE677AB1EE477AEDE7237F012B0AD0A5
:10EFD000D4ED047AF0EE400AB0EE670A04F59470BE
:10EFE000FCF7F1FE5BE0A36AD3ED007A94F82030E1
:10EFF000012BEFD1F1EE677AECE7637F012B60D054
:10F00000D4ED027AF0EE400AB0EE670A04F1B000E7
:10F01000FCF7D9FEA37F13F0010F04D0636BD3ED8F
:10F02000007A30EE270A637E13F0010F53D1E37E9E
:10F03000012B5DD094F8EE01FFF75AFD94F8EC2116
:10F0400094F8EDC14FEA4C01C0F3072602EB821E93
:10F05000384B734403EB4C0E8EF8246001310B44A3
:10F0600083F8240094F8EF31002B44D00135324B63
:10F070001B78AB4249D9314B53F8254094ED780ABF
:10F08000A37E012B3FF471AFE37F012B3FF470AF00
:10F09000637E13F0040F02D0237E042B95D0637E91
:10F0A00013F0020FB6D0237E13F0060FB2D0A37F69
:10F0B00013F0020FA1D0236BD3ED007A30EE270AB4
:10F0C0009BE7E36AD3ED007A94F82030012B99D1C5
:10F0D000F1EE677A96E7B4F90C30F0EE400A07EEED
:10F0E000903AB8EEE70A04F13800FCF76CFE9EE7B0
:10F0F000B1EE400A9EE702EB821320330D4A13441F
:10F100000433002223F81C20B0E7002400E001347F
:10F11000092C0CD80A4B1B5D002BF8D004EB841093
:10F12000B7EE000A034B1844FCF7DEFBEFE770BDB7
:10F13000E12E65429801002094870020648700201A
:10F14000F886002038B500253DE0F1EE600A47E082
:10F1500094F82430012B16D0B4F90C3000EE103A9C
:10F16000B8EEC00A04F59870FCF72DFEF0EE400AE8
:10F1700094F8263013F0020F3BD0636BD3ED007A86
:10F1800070EE270A35E0E36A93ED000AEAE7236BA5
:10F1900093ED000A3DE094F8213013F0010F49D1BE
:10F1A000FDEEE00A334B1B682433D4F8B021D2695A
:10F1B000A2F5207210EE901A23F8121094F8AC21E8
:10F1C000002A44D001352C4B1B78AB4248D92B4B3D
:10F1D00053F82540D4ED6A0A94F82230012BB4D0BC
:10F1E00094F8213013F0040F03D094F82030042B4E
:10F1F000AED094F8213013F0020FCCD094F8203028
:10F2000013F0060FC7D094F82430012BBFD094ED33
:10F21000020A04F59870FCF7D6FDF0EE400A94F867
:10F22000263013F0010FB6D0A36BD3ED007A70EE49
:10F23000270AB0E7B4F90C3000EE103AB8EEC00A75
:10F2400004F14000FCF7BFFDF0EE400AA8E7D4F857
:10F25000B021D269A2F52072002123F81210B1E783
:10F2600003B938BD9FED060A024B1868FCF73CFB5A
:10F27000F7E700BF98870020AC8700209C8700201C
:10F28000CDCC4C3E31EE601A30EE600A0123834053
:10F29000013B07EE903AF8EEE77A20EE270AC0EE3F
:10F2A000017AFCEEE77A17EE903A98B2704707EED3
:10F2B000900A70EEC00AF8EEE77A27EEA07A0123F2
:10F2C0008B40013B07EE903AF8EEE77AC7EE276AEB
:10F2D00036EE800A7047704708B5D1F8B0314FF06C
:10F2E000FF325A62C3F82720D1F8B03183F82B00DF
:10F2F000B7EE000AD1F8B001FCF7F6FA08BD00003D
:10F3000038B50446D0F83D50D5F8B40102F0E4F821
:10F31000EB68AB6094F82D0094F82E301021F7EED6
:10F32000080ABFEE080A43EA0020FFF7C0FF85ED98
:10F33000030A94F82F0094F830301B090C21F1EEE9
:10F34000000AB9EE000A43EA0010FFF7B0FF85EDAE
:10F35000010A94F8303094F831001B0203F4706312
:10F360000C21DFED0D0A9FED0D0A1843FFF79FFFFB
:10F3700085ED040A94F8323007EE903AF8EE677A99
:10F38000C5ED057A94F8333007EE903AF8EE677AD7
:10F39000C5ED067A38BD00BF6666663F666666BF25
:10F3A00010B52DED028B84B00446BEE094F82130F8
:10F3B00013F0040F03D094F82030042B30D094F8CD
:10F3C000213013F0020F12D094F8203013F0060F02
:10F3D0000DD094F82530012B36D094ED010AF0EED3
:10F3E000480A04F1A800FCF7EEFCB0EE408A94F85D
:10F3F0002330012B2DD094F82230012B2CD0DFEDBF
:10F40000637AB4EEE78AF1EE10FA28D9DFED607A7C
:10F41000B4EEE78AF1EE10FA23DBB0EE678A20E063
:10F4200094F82430012B0AD094ED030AF0EE480A38
:10F4300004F59070FCF7C7FCB0EE408ABFE7D4F843
:10F44000983193ED000AF1E7D4F89C3193ED000A6E
:10F45000C5E7B1EE488ACEE7B1EE488ACFE79FED27
:10F460004B8A1020B7EE081AFFEE080A94ED030A43
:10F47000FFF708FFADF804000C20B1EE001AF9EE1A
:10F48000000A94ED010AFFF7FDFEADF806000C201E
:10F490009FED3F1ADFED3D0AB0EE480AFFF7F2FE9E
:10F4A000ADF808000023ADF80A30ADF80C30BDF817
:10F4B0000430D4F8B021190A82F82410D4F8B0210D
:10F4C00082F82530BDF80610D4F8B031C1F3071228
:10F4D00083F82620BDF80A20130A43EA0113D4F862
:10F4E000B01181F82730D4F8B03183F82820BDF866
:10F4F0000C10D4F8B031C1F3071283F82920BDF8FD
:10F500000820130A43EA0113D4F8B01181F82A3015
:10F51000D4F8B03183F82B20B7EE000AD4F8B0014C
:10F52000FCF7E2F90220FAF730FB94ED6A8A94F8CE
:10F53000AC31002B7FF43AAF9FED168A1020B7EE66
:10F54000081AFFEE080AB0EE480AFFF79BFEADF876
:10F5500004000C20B1EE001AF9EE000AB0EE480AE1
:10F56000FFF790FEADF806000C209FED091ADFEDC5
:10F57000070AB0EE480AFFF785FEADF80800002341
:10F58000ADF80A30ADF80C3091E700BF666666BF93
:10F590006666663F0000000008B50146FE20FFF7E2
:10F5A0009BFE9FED020AFBF773FF08BDCDCCCC3D5F
:10F5B00080ED6A0A7047012380F8AC317047000083
:10F5C00030B52DED028B85B005464FF4E07003F0A9
:10F5D00081F804464FF4E072002103F093F904F13E
:10F5E000200305F1B00207CA03C31A7005F1100128
:10F5F00004F13000FCF7C2FB05F13C0104F1A80066
:10F60000FCF7BCFB05F1680104F59070FCF7B6FB54
:10F610002B68C4F898316B68C4F89C311C4BC5F852
:10F62000C830C5F8CC4005F1BC00FCF711F9C4F8AE
:10F63000B00100230193029303930A23ADF8043031
:10F64000144B0293039401A801F022FFC4F8B40103
:10F650002046FFF7B0FF2146FC20FFF73DFE9FED5F
:10F660000E8AB0EE480AFBF713FF2046FFF794FF1F
:10F67000B0EE480AFBF70CFF084A1378591C1170CA
:10F68000074A42F82340204605B0BDEC028B30BD4E
:10F6900001F30008D7F20008CDCCCC3DD087002084
:10F6A000C0870020002380F8AC31704780F820101C
:10F6B0007047000030B58BB046F6645308930023C2
:10F6C0008DF82430154B1B782BB300251FE0002349
:10F6D000ADF800300A226946284602F0E2FF69468A
:10F6E00008A803F017F90DF1040C0D4C0FCCACE891
:10F6F0000F0094E807008CE807000A4B53F8251028
:10F7000001A8FAF70AFA084B43F825000135034B24
:10F710001B78AB42DBD80BB030BD00BFD0870020D8
:10F72000544B0108C0870020B087002008B5FFF7C0
:10F7300019FC00F003F8FFF705FD08BD2DE9F843BB
:10F740002DED048BBA4B00221A6000245BE0F1EE31
:10F75000600A64E06B7F012B73D095ED027AF1EEC5
:10F76000087A87EE278AB0EE480A05F1B000FCF768
:10F770002AFBF0EE400AAF4B03EB840383ED000A53
:10F78000AD4B03EB840383ED000AAC4B03EB840326
:10F79000D3ED007A67EE807A67EE807AA84BC3EDEE
:10F7A000007AA84B03EB840393ED007A27EE087AE6
:10F7B00027EE087AA44B83ED007ADFEDA46A28EEE9
:10F7C000268A28EE008ADFEDA26A28EE268AA14B5F
:10F7D00083ED008A77EE877A38EE278A9E4B03EB1B
:10F7E0008403D3ED007A38EE278A9C4B03EB840325
:10F7F00083ED008AEB7E012B27D08F4B03EB840334
:10F80000C3ED000A0134964B1D78A54220D9954BD3
:10F8100053F82450D5ED780AAB7E012B97D06B7E40
:10F8200013F0020FE6D02B7E13F0060FE2D0AB7F71
:10F8300013F0020F8ED02B6BD3ED007A70EEA70A77
:10F8400088E7EB6A93ED008A8DE7F1EE600AD4E772
:10F85000002301E00133DBB29D4211D97F4A02EB64
:10F86000830292ED007AB5EEC07AF1EE10FAF1D48F
:10F870006F4AD2ED007A77EE877AC2ED007AE9E737
:10F880006B4BD3ED007A784B93ED007AF4EEC77AA8
:10F89000F1EE10FA40F32381C7EE279A002443E0EB
:10F8A000F1EE687A17EE900AF0F75EFE8046894620
:10F8B00068EEA88AF1EE007A69EE277A67EE887A18
:10F8C00078EEE77A17EE900AF0F74EFE41EC100B57
:10F8D00003F0C2FC53EC102B40464946F0F7E4FC21
:10F8E0008046894679EE097A17EE900AF0F73CFED9
:10F8F00002460B4640464946F0F7B8FFF1F73CF99F
:10F9000007EE900A4C4B03EB840318609FED577A87
:10F91000F4EEC77AF1EE10FA04D5474B03EB8403FB
:10F9200083ED007A0134E4B2A54240F2D8804D4B19
:10F9300053F82430D3ED026AF1EE087A86EEA77A06
:10F94000464B03EB8403D3ED007A67EEA97AC3ED4F
:10F95000007AF5EEC07AF1EE10FAE3D4374B03EB00
:10F96000840393ED009ADFED428A67EE288A354BD7
:10F9700003EB840393ED008A28EE078A28EE078ABA
:10F9800038EE678A344B03EB8403D3ED007A38EE0C
:10F99000278A294B03EB8403D3ED007AF5EEC07A76
:10F9A000F1EE10FA7FF77CAFF1EE687A17EE900A6D
:10F9B000F0F7DAFD8046894668EEA88AF1EE007A13
:10F9C00069EE277A67EE887A78EEE77A17EE900A82
:10F9D000F0F7CAFD41EC100B03F03EFC53EC102B8A
:10F9E00040464946F0F762FC8046894679EE097A3E
:10F9F00017EE900AF0F7B8FD02460B46404649461E
:10FA0000F0F734FFF1F7B8F807EE900A0A4B03EB72
:10FA1000840318609FED177AF4EEC77AF1EE10FABE
:10FA200080DD054B03EB840383ED007A7AE700BFAA
:10FA3000DC87002010880020F4870020E04F0108B8
:10FA40000C880020D04F010808880020BEADB23BD2
:10FA50000000C03904880020C04F0108E48700205E
:10FA60005088002020880020E087002000606AC6BF
:10FA70004F02063600606A460133DBB29D4230D940
:10FA8000234A52F82340234A02EB8302D2ED007A44
:10FA9000FDEEE77A17EE900A94F8EC1194F8EDE198
:10FAA0004FEA4E0CC0F3072701EB81161A4A324485
:10FAB00002EB4E0686F824700CF1010C624482F8C9
:10FAC000240094F8EF21002AD6D101EB81122032D4
:10FAD00011490A440432002122F81E10CCE7002309
:10FAE000CCE7002400E00134052C0CD80B4B1B5D47
:10FAF000002BF8D004EB8410B7EE000A064B184434
:10FB0000FBF7F2FEEFE7BDEC048BBDE8F88300BF26
:10FB100020880020F487002024040020D4870020BF
:10FB20000346104605E013F8011B4140044A505CAF
:10FB3000614601F1FF3C1FFA8CFC0029F3D17047AC
:10FB4000F0510108034698B1481E99B110B413F85A
:10FB5000011B5140C9B2084C34F8111081EA12223D
:10FB6000014601380029F2D110465DF8044B704778
:10FB70004FF6FF7210467047F04F010880B170B524
:10FB80000C46054602290AD98E1E064B1A883146B4
:10FB9000FFF7D8FFA855013CC0F30720285570BDDA
:10FBA000704700BFAA05002008B50A460323014696
:10FBB00003480068FBF728FF7320F9F7E6FF08BD4C
:10FBC000548800202DE9F8430546884617461A4C0C
:10FBD000A52323704FF000090823637084F8029076
:10FBE000164E3378E370FF2204212046FFF798FF7A
:10FBF0002071012363710322A27184F8079023729C
:10FC0000B5F80330A4F80B30B5F80130A4F809308A
:10FC100084F80D80A7734FF6FF720F212046FFF77F
:10FC200091FFA4F80F0011212046FFF7BDFF3378A4
:10FC300001333370BDE8F883948A0020928D002050
:10FC40002DE9F0438846DDF820E009990A9F0B9ED4
:10FC50000C9D4FF0000C05E0CCF1020900F80940C2
:10FC60000CF1010CBCF1020F03DC18F80C40002C65
:10FC7000F2D1C47862F30204C470E2B222F0380216
:10FC8000C27003F00304D2B202F03F0242EA8412CF
:10FC9000C270C3F38102037923F00303134303719A
:10FCA000DBB2079A62F385030371DBB203F03F0313
:10FCB0000371437923F07F034371DBB203F07F03C9
:10FCC00043710022827180F807E0CEF3012E037A9F
:10FCD00023F0030343EA0E03037201F03F04DBB297
:10FCE00003F0030343EA84030372C1F38411437AEC
:10FCF00023F01F030B43437207F00701DBB203F04D
:10FD00001F0343EA41134372C7F3C7078772C272E6
:10FD1000037B23F00303037306F03F02DBB203F01F
:10FD2000030343EA82030373C6F38416437B23F081
:10FD30001F033343437305F00702DBB203F01F03D5
:10FD400043EA42134373C5F3C7058573BDE8F083E7
:10FD50002DE9F0438846DDF820E009990A9F0B9EC3
:10FD60000C9D4FF0000C05E0CCF1020900F80940B1
:10FD70000CF1010CBCF1020F03DC18F80C40002C54
:10FD8000F2D1C4784FF0010C6CF3C504C470E4B236
:10FD900062F30204C47003F00304C27802F03F026D
:10FDA00042EA8412C270C3F38102037923F0030391
:10FDB00013430371DBB2079A62F385030371DBB26D
:10FDC00003F03F030371437923F07F034371DBB2F8
:10FDD00003F07F0343710022827180F807E0CEF3C5
:10FDE000012E037A23F0030343EA0E03037201F0AA
:10FDF0003F04DBB203F0030343EA84030372C1F35D
:10FE00008411437A23F01F030B43437207F0070169
:10FE1000DBB203F01F0343EA41134372C7F3C70782
:10FE20008772C272037B23F00303037306F03F0261
:10FE3000DBB203F0030343EA82030373C6F38416C1
:10FE4000437B23F01F033343437305F00702DBB208
:10FE500003F01F0343EA42134373C5F3C7058573D9
:10FE6000BDE8F0832DE9F04788469246099F0A9E37
:10FE7000DDF82CE00C990D9A0E9C4FF0000C05E07B
:10FE8000CCF1020900F809500CF1010CBCF1020F91
:10FE900003DC18F80C50002DF2D1C5784FF0050C9A
:10FEA0006CF3C505C570EDB26AF30205C57003F0C9
:10FEB000030CEDB205F03F0545EA8C15C570C3F3A0
:10FEC0008105037923F003032B430371DDB2089B03
:10FED00063F38505057180F807E0CEF3012E037A00
:10FEE00023F0030343EA0E03037201F03F05DBB284
:10FEF00003F0030343EA85030372C1F38411437AD9
:10FF000023F01F030B43437202F00701DBB203F03F
:10FF10001F0343EA41134372C2F3C702827207F020
:10FF20000302037903F03F0343EA82130371C7F32B
:10FF30008607437923F07F033B43437106F00102B8
:10FF4000DBB203F07F0343EAC2134371C6F34706F3
:10FF50008671C472C4F30122037B23F003031343AD
:10FF60000373C4F38522DBB203F0030343EA820385
:10FF70000373C4F30442437B23F01F03134343730F
:10FF8000C4F34252DBB203F01F0343EA421343734C
:10FF9000240E8473BDE8F0872DE9F04182B0044659
:10FFA0008E46099EDDF828C00B990C9F002004E0C6
:10FFB000C0F1020804F808500130022803DC1EF8E2
:10FFC0000050002DF4D1E07840F03800E070C0B26D
:10FFD00062F30200E07003F00300E27802F03F02F7
:10FFE00042EA8012E270C3F38102237923F0030313
:10FFF00013432371DBB2089A62F385032371002255
:020000040801F1
:1000000084F807C0CCF3012C237A23F0030343EADE
:100010000C03237201F03F00DBB203F0030343EA59
:1000200080032372C1F38411637A23F01F030B430F
:10003000637207F00701DBB203F01F0343EA4113C9
:100040006372C7F3C707A77206F00301237903F0B1
:100050003F0343EA81132371C6F38606637923F0D5
:100060007F0333436371E272237B23F00303237323
:10007000DBB203F003032373637B23F01F0363737B
:10008000DBB203F01F036373A2730EAA019204F1A3
:100090000F050D99284602F0E9FB2846F0F7A2F873
:1000A00000F00102637903F07F0343EAC213637136
:1000B000C0F34700A07102B0BDE8F0810EB4F0B506
:1000C0008AB004460FAB53F8045B6E1CC6EB0616F1
:1000D000F6B20193A5238DF81830C5EB051306334E
:1000E000ADF819303B4B1B788DF81B30FF220421F3
:1000F00006A8FFF715FD8DF81C0001238DF81D30B3
:1001000003238DF81E306B1E062B0AD8DFE803F0A0
:10011000041A09092109280001238DF81F308DF8E0
:100120002030B4F80330ADF82330B4F80130ADF826
:100130002130294C0AAB13E90F0007C423704FF09C
:10014000000C36E002238DF81F3001238DF820309B
:10015000E7E703238DF81F3001238DF82030E0E717
:1001600004238DF81F3001238DF82030D9E7019C3E
:1001700004F11003019302AB20686168A26807C311
:10018000A189A27B19809A70CCEB0C1E0EF10D0E8A
:10019000114F0EEB070402AB07CB47F80E0061606E
:1001A000A2601A889B78A281A3730CF1010C5FFAFC
:1001B0008CFCAC45DBDB084C31462046FFF7DEFC0F
:1001C00031462046FFF7F0FC0AB0BDE8F04003B02E
:1001D000704700BF928D00209488002084B070B5D5
:1001E000064605AD85E80E00234CA5232370332376
:1001F00063700023A370214B1B78E370FF2204215E
:100200002046FFF78DFC2071012363710322A27148
:100210001022E2712372B6F80330A4F80B30B6F85E
:100220000130A4F80930AC460D340DAE65460FCD53
:1002300020606160A260E360AC461034B542F5D145
:100240002B4607CB20606160A2601B7823730A4CA9
:100250004FF6FF723A212046FFF774FC60873C217D
:100260002046FFF7A1FC054A137801331370BDE85F
:10027000704004B0704700BF58880020928D002065
:10028000094B1B6893F84220072A94BF00210121E3
:100290001970A3F8012002F58072A3F80320002250
:1002A0005A719A71704700BF948D0020274A1378C5
:1002B0000133DBB21370312B06D9134600221A70BA
:1002C000234A138801331380214B1B8803F0030357
:1002D000032B3AD8DFE803F00220283100234370D3
:1002E00083700122C27002714371D0F8063007EEAC
:1002F000903AB0EE0C7A77EE877A17EE903AC0F823
:100300000630B3EE027AF4EEC77AF1EE10FA1CDB97
:100310000023C0F806307047012343708370002229
:10032000C2700271437170470223437083700123CE
:10033000C37003710023437170470323437000238C
:100340008370C3700371012343717047A88A002032
:10035000A68A00204378827A934204D0027842F041
:100360000102027083728378C27A934204D00278C9
:1003700042F002020270C372C378027B934204D03F
:10038000027842F00402027003730379427B9342C5
:1003900004D0027842F01002027043734379827BEA
:1003A000934204D0027842F0080202708373D0F8BE
:1003B0000630D0F80F2007EE903A07EE102AF4EE40
:1003C000477AF1EE10FA05D0027842F0200202706E
:1003D000C0F80F30704700002DE9F0478AB005469D
:1003E0000C460846FFF7B6FF237813F0010F34D010
:1003F0006378032B18D8DFE813F004003E015201A4
:100400006601BB4B059340F2EE2304934FF48773D0
:100410000393022202920F230193002300930823E7
:10042000B449B548FFF7B8FDB34EEC4606F10C0EE3
:10043000BEE80F00ACE80F00BEE80F00ACE80F000C
:10044000DEF800308CF8003096E80E002846FFF702
:10045000C5FE237823F001032370237813F0020FE5
:1004600043D0A378012B00F06381022B00F074814C
:1004700093B99F4B05934FF42F7304934FF48773F5
:100480000393022202920F23019301230093082376
:100490009A499B48FFF780FD974ED6F82DA0D6F8D5
:1004A0003190D6F8358006F1390C6F465936BE4684
:1004B000DCF80000DCF80410DCF80820DCF80C3074
:1004C000AEE80F000CF1100C7746B445EFD19CF864
:1004D00000308EF8003051464A4643462846FFF722
:1004E0007DFE237823F002032370237813F0040F9A
:1004F00040D0E378012B00F04381824B824F05937B
:1005000040F28A2304934FF48773039302220292EA
:100510000F2301930523009308237C493846FFF7F6
:100520003BFD3B4653F85A99D3F85E80D3F862A05E
:1005300007F10C0C6E462C37B646DCF80000DCF8F0
:100540000410DCF80820DCF80C30AEE80F000CF1E9
:10055000100C7646BC45EFD19CF800308EF8003088
:100560004946424653462846FFF738FE237823F093
:1005700004032370237813F0100F40D02379012B4C
:1005800000F000815F4B624F05934FF416730493A4
:100590004FF487730393022202920F2301930523E2
:1005A000009308235B493846FFF7F6FC3B4653F8B7
:1005B0008799D3F88B80D3F88FA007F10C0C6E4687
:1005C0002C37B646DCF80000DCF80410DCF8082014
:1005D000DCF80C30AEE80F000CF1100C7646BC4590
:1005E000EFD19CF800308EF8003049464246534621
:1005F0002846FFF7F3FD237823F0100323702378B8
:1006000013F0080F2FD06379002B40F0BD80424BD0
:10061000424E059340F2262304934FF487730393CD
:10062000022202920F2301930523009308233C49E1
:100630003046FFF7B1FCEC4606F10C0EBEE80F00A9
:10064000ACE80F00BEE80F00ACE80F00DEF80030A9
:100650008CF8003096E80E002846FFF7BFFD23789F
:1006600023F008032370237813F0200F40F08E80CE
:100670000AB0BDE8F0872B4B059340F2EE230493BC
:100680004FF487730393022202920F2301930023F6
:100690000093082317491848FFF77EFCC4E6224B55
:1006A000059340F2EE2304934FF4877303930222E1
:1006B00002920F2301930023009308230D490E4853
:1006C000FFF76AFCB0E6194B059340F2EE23049362
:1006D0004FF487730393022202920F2301930023A6
:1006E0000093082303490448FFF756FC9CE600BF2B
:1006F000884C0108844C0108AC8A0020B84C0108E1
:10070000D98A0020704C0108068B0020D44C0108C7
:10071000338B0020D84C0108744C0108608B0020FA
:10072000DC4C0108944C0108A04C0108AC4C0108B9
:10073000484B05934FF42F7304934FF4877303933F
:10074000022202920F2301930123009308234249BE
:100750004248FFF721FC9FE6414B05934FF42F736E
:1007600004934FF487730393022202920F230193A1
:1007700001230093082338493848FFF70DFC8BE626
:10078000384BBBE6374BFEE6374B41E7D4F8063033
:1007900007EE903A9FED357A67EE877A344EFDEE9C
:1007A000E77ACDED067AE623059340F2EE23049333
:1007B00002270397029712230193009708233A46D2
:1007C0002C493046FFF74EFBD4F8063007EE903A3E
:1007D000B3EE0E7A67EE877A9FED277A77EE877A07
:1007E00006F10F08A0230593FCEEE77ACDED047A1D
:1007F00003934FF4347302931E2301930523009354
:1008000008233A461D494046FFF71AFAB44602ABA0
:10081000D6F80F00D6F81310D6F8172007C3B6F88D
:100820001B10727F19809A705CF80F29B0680090D5
:10083000B189B37BADF804108DF80630DCF81330C5
:1008400039462846FFF73AFC237823F0200323702B
:100850000EE700BFBC4C0108B84C0108D98A002043
:10086000C84C01086C4C01087C4C010800007A441B
:10087000DB8C0020E04C010800803B44E44C010884
:1008800010B5054C2068FFF711FD2168034B18686F
:10089000FFF7A2FD10BD00BF988D0020948D0020B1
:1008A0002DE9F04F93B0044B1B6893F88A3043B99D
:1008B0000020F8F7FBFE04E0948D00206420F9F797
:1008C00064F9CC4B1B6893F84230002BF6D0FFF74D
:1008D000D7FCDFF820A300220221DAF80000FFF79E
:1008E00071F9C54C4FF40773059340F2BA42049274
:1008F000039340F2C6230293032501954FF0080BA2
:10090000CDF800B007230122BC492046FFF798F933
:1009100004F10F074FF4397305934FF47073049388
:100920004FF4AA72039202930195CDF800B0072309
:100930000122B3493846FFF783F904F11E084FF44A
:10094000F573059340F256420492039340F22A3322
:100950000293022601960125009507232A46A949FC
:100960004046FFF76DF904F12D0940F2032305938A
:1009700040F256420492039340F22A3302930196C6
:10098000009507232A46A0494846FFF759F940F247
:100990003523059340F256420492039340F22A33E2
:1009A00002930196009507232A46984904F13C00DA
:1009B000FFF746F90DF1380C04F13C030FCBACE81E
:1009C00007002CF8023B1B0C8CF800300AABD4F863
:1009D0002D00D4F83110D4F8352007C3B4F83910FD
:1009E00094F83B2019809A7006ABD4F81E00D4F816
:1009F0002210D4F8262007C3618D94F82C2019808A
:100A00009A700DEB0B03D4F80F00D4F81310D4F840
:100A1000172007C3B4F81B10627F19809A7004EB8B
:100A20000B0393E803000090ADF80410090C8DF857
:100A3000061094E80C000521DAF80000FFF73EFBF1
:100A4000734F744B059340F2EE2304934FF09609D5
:100A5000CDF80C9002964FF00F08CDF804800023DB
:100A600000935B462A466C493846FFF795FA6C4678
:100A700007F10C0CBCE80F000FC4BCE80F000FC45A
:100A8000DCF80030237097E80E00DAF80000FFF77A
:100A9000A5FB624B05934FF42F730493CDF80C9094
:100AA0000296CDF8048000955B462A465C4907F122
:100AB0002D00FFF771FADAF800C0D7F82D90D7F8BB
:100AC0003180D7F835E007F139046E46593735469D
:100AD00020686168A268E3680FC510342E46BC42E6
:100AE000F5D124782C704946424673466046FFF79C
:100AF00075FB4C4F4C4B059340F28A23049396238D
:100B00000393022302930F230193032300930823EB
:100B1000012246493846FFF73FFA364BD3F800C06A
:100B20003B4653F85A99D3F85E80D3F862E007F158
:100B30000C046E462C37354620686168A268E3686D
:100B40000FC510342E46BC42F5D124782C7049468E
:100B5000424673466046FFF741FB354F354B0593E0
:100B60004FF41673049396230393022302930F23E7
:100B7000019305230093082301222F493846FFF7EC
:100B80000BFA1C4BD3F800C03B4653F88799D3F8B7
:100B90008B80D3F88FE007F10C046E462C37354676
:100BA00020686168A268E3680FC510342E46BC4215
:100BB000F5D124782C704946424673466046FFF7CB
:100BC0000DFB1E4E1E4B059340F2262304939623E5
:100BD00003934FF00209CDF808904FF00F08CDF8BD
:100BE0000480052300930823012216493046FFF7AD
:100BF000D3F929E0948D0020FC8C0020E84C0108FA
:100C0000EC4C0108F04C0108F44C0108F84C0108C8
:100C1000BC8B0020004D0108FC4C0108104D010860
:100C20000C4D0108168C00201C4D0108184D0108C0
:100C3000438C0020284D0108244D0108708C0020B1
:100C4000344D0108304D0108C84F6C4606F10C05C3
:100C50000FCD0FC40FCD0FC42B68237096E80E0084
:100C60003868FFF7BBFAC24DDFF84CB3CDF814B0CB
:100C700040F2EE2304934FF4877ACDF80CA0CDF820
:100C80000890CDF804800023009308230122B9497D
:100C90002846FFF781F96C4605F10C060FCE0FC40C
:100CA0000FCE0FC43368237095E80E003868FFF745
:100CB00095FACDF814B04FF42F730493CDF80CA02F
:100CC000CDF80890CDF80480012200920823AA49AB
:100CD00005F12D00FFF760F9D7F800C0D5F82D9089
:100CE000D5F83180D5F835E005F139046F4605F1C6
:100CF00059063D4620686168A268E3680FC5103454
:100D00002F46B442F5D124782C70494642467346AA
:100D10006046FFF763FA994F994B059340F28A2397
:100D200004934FF487730393022302930F230193D9
:100D3000032300930823012292493846FFF72CF938
:100D40008A4BD3F800C03B4653F85A99D3F85E80DB
:100D5000D3F862E007F10C046E462C373546206864
:100D60006168A268E3680FC510342E46BC42F5D115
:100D700024782C704946424673466046FFF72EFAA7
:100D8000814F7F4B05934FF4167304934FF4877391
:100D90000393022302930F23019305230093082357
:100DA00001227A493846FFF7F7F8704BD3F800C0B4
:100DB0003B4653F88799D3F88B80D3F88FE007F13F
:100DC0000C046E462C37354620686168A268E368DB
:100DD0000FC510342E46BC42F5D124782C704946FC
:100DE000424673466046FFF7F9F9694E694B059331
:100DF00040F2262304934FF487730393022702974C
:100E00000F230193052300930823012262493046F2
:100E1000FFF7C2F8DFF854816C4606F10C050FCDE0
:100E20000FC40FCD0FC42B68237096E80E00D8F8BE
:100E30000000FFF7D3F9594D594B0593E62304936E
:100E40004FF41B7303930297122301930097072318
:100E5000012254492846FFF79FF8D8F800C02B46D6
:100E600053F8E199D3F8E580D3F8E9E005F10C04F3
:100E70006E4605F12C07354620686168A268E36874
:100E80000FC510342E46BC42F5D124782C7049464B
:100E9000424673466046FFF7A1F9434CB4230593DD
:100EA00040F2C44304938C2303934FF43478CDF879
:100EB0000880022501950095072301223B49204621
:100EC000FEF746FF294F04F1080393E80300009062
:100ED000ADF80410090C8DF8061094E80C000121FF
:100EE0003868FFF7EBF845F6C0530693E623059301
:100EF00040F2EE230493039502951223019300958B
:100F0000082301222A4904F10F00FEF7ABFF04F188
:100F10001E06A02305934FF47F7204920393CDF82D
:100F200008801E23019305230093082301222149F1
:100F30003046FEF785FE02ABD4F81E00D4F822102E
:100F4000D4F8262007C3618D94F82C2019809A705C
:100F5000D4F817000090B4F81B20637FADF804208C
:100F60008DF80630D4F80F2028E000BF948D0020C3
:100F7000AC8A0020844C0108B84C0108068B002084
:100F8000704C0108D44C0108338B0020D84C010868
:100F9000608B0020744C0108DC4C01089D8C002003
:100FA000404D01083C4D0108CC8C0020484D010803
:100FB000E04C0108E44C0108884C0108D4F81330D7
:100FC00029463868FFF77AF813B0BDE8F08F00BF04
:100FD000002301E00133DBB2042B0DD8074931F9BE
:100FE0001320002AB8BF524292B2B2F5257FF1D940
:100FF000002221F81320EDE7704700BFA88D0020E4
:10100000F8B504460378427843EA0223C3F30A039F
:10101000A3F580634F4DAB80427883785B0143EA50
:10102000D203C3F30A03A3F58063EB808278C3780D
:101030009B0043EA9213027943EA8223C3F30A0333
:10104000A3F580632B804379DB0143EA5203C3F3AA
:101050000A03A3F580636B80037C427C43EA02238E
:10106000C3F30A03A3F580632B81FFF7B1FF637914
:10107000C3F30113EB7263799B09AB72A379E27935
:1010800043EA0223AB81237A627A43EA0223EB81AB
:10109000237B2B74637B6B74A07BE37B40EA032090
:1010A0006882C2B210F0200F14D081B2A98212F06F
:1010B000100F13D0274B5A8ADA82264BB3F85A60A6
:1010C0009C8AB3F816C0B3F85C50B3F85EE0012315
:1010D000002223E0204B00211980E8E71F4B00226B
:1010E0001A80EAE7234208D02B4206D1194911445D
:1010F00091F82870013781F8287013EA0C0F09D095
:1011000013EA0E0F06D11349114491F838700137D4
:1011100081F838705B009BB2013292B20F2A12D86C
:10112000111F89B20129F5D91842DBD03342D9D138
:101130002342D7D113EA0C0FD4D1064911440F7EB4
:1011400001370F76CEE703494822881801F03CFCAE
:10115000F8BD00BFA88D0020BC8D0020BE8D0020F2
:1011600008B590220021044801F0CCFB034B18681D
:10117000FAF700FC08BD00BFA88D0020A08D00205C
:1011800008B5044B186800F0A7F9034B1868FFF77F
:1011900037FF08BD9C8D0020A08D002000B587B0D2
:1011A0000F4B0593049012238DF80C3003A8FAF727
:1011B000F3FB0C4B186000230093019302930A2366
:1011C000ADF80030084B0193684600F061F9074B19
:1011D0001860074B01221A70064807B05DF804FB3F
:1011E00081110108A08D0020611101089C8D002053
:1011F000A48D0020A88D002010B5044690F8C520CD
:101200000021483001F07EFB002384F8C43084F8CC
:10121000C53010BD08B5FFF7EFFF08BD70B5044637
:10122000D0F83D5090F82C30732B1FD095F8C43077
:10123000DBB195F8C53094F83820981895F8471028
:10124000884221DC05F1480004F12C01184401F02A
:10125000BBFB95F8C53094F838201344DBB285F811
:10126000C53095F84720934212D070BD95F8C43030
:10127000002BDBD190F82D2095F846309A42F4D11E
:10128000012385F8C430D1E72846FFF7B5FFECE726
:10129000531E2B4493F84830652B03D02846FFF7A4
:1012A000ABFFE2E7931E2B4493F8486005F14A0434
:1012B00095F846102046FCF7CBF88642EED195F81B
:1012C0004620214605F1880001F07EFB012385F8C8
:1012D000C630D5F8C70000F0FFF8DFE730B585B0BD
:1012E0000546CB2001F0F6F90446CB22002101F09F
:1012F00009FB6B7D84F84630043384F847302B7D3E
:1013000023711A1D62717322A271E37103332344A6
:1013100065229A712C610C4BEB602846FAF798FA1B
:1013200020600023019302930393EB8AADF804300D
:10133000064B0293039401A800F0AAF8C4F8C70072
:10134000204605B030BD00BF1D120108151201086E
:10135000014B83ED000A7047AC050020884200D0A5
:10136000FEE7704708B5212101F0E3FA1F2800D9F4
:10137000FEE708BDF8B505460F46FFF7F3FF144C2E
:101380002646A46A74B129462046EEF721FF0028BC
:10139000F6D194F821103846FFF7E0FF012384F8D6
:1013A0002C3012E0302001F095F9B062302200219B
:1013B00001F0A8FAB36A83F821702946B06A01F0F7
:1013C000FBFA012386F82C30B46A2046F8BD00BF32
:1013D000B0050020F8B50E46FFF7CCFF07460C20FD
:1013E00001F078F9054600240460446084600671C9
:1013F00044B17B6A6BB11A469B68002BFBD19560A8
:101400002846F8BD304601F065F945F8240001345E
:10141000EEE77D62F4E710B50446C07900B910BD6F
:101420000B466179227954F82110184601F0CCFA64
:1014300063790133637100236371E379013BE371E5
:101440000120ECE770B505460E46426A0F4B1A6064
:101450000FE0A37995F82120314654F8230001F0DC
:10146000B3FA0023A371E3790133E371A268074B58
:101470001A60064B1C683CB1E379012BE9D10022CC
:101480006271013BE371E4E7012070BD388E0020FA
:1014900010B50446102001F01DF9002303604360DD
:1014A0008360C360A368C360238803B96423038097
:1014B00063684360638803B96423038123880381DD
:1014C000034A1378591C1170024A42F8230010BDD8
:1014D0003C8E0020408E002003880381704700006E
:1014E00010B5002404E053680BB1D068984701346C
:1014F000064B1B78A34208D9054B53F824201389C7
:10150000002BF0D0013B1381F1E710BD3C8E002091
:10151000408E002000B587B0002300930193029312
:10152000039304930593074B009308230193064B01
:1015300002936846FAF77EF8044B186007B05DF82E
:1015400004FB00BF4C0D00206F12833A548F002023
:1015500038B5002440E095ED000A284B1868FAF7EA
:101560002FF82B79062B0BD8DFE803F0040B1219A8
:1015700020272E009FED220A204B1868F9F7FEFF66
:1015800038BD9FED200A1D4B1868F9F7F7FFF7E704
:101590009FED1D0A194B1868F9F7F0FFF0E79FED72
:1015A0001B0A164B1868F9F7E9FFE9E79FED180ADF
:1015B000124B1868F9F7E2FFE2E79FED160A0F4BAE
:1015C0001868F9F7DBFFDBE79FED130A0B4B186890
:1015D000F9F7D4FFD4E70134042CD1D80F4B53F8DA
:1015E00024506B79042BF6D8AB79002BB3D19FED47
:1015F0000C0A024B1868F9F7E3FFECE7548F002060
:101600009D9DFA3A934ADF3A32E5C63A41C8BB3A61
:10161000052FA73A09F2943AFAA9843A408F00209C
:101620000000000003464FF6FF7009E013F8011BAD
:10163000C2B24A40054931F8122082EA10206146C0
:1016400001F1FF3C0029F1D1704700BFF0520108C1
:1016500010B5421812F8012C0239445C44EA022405
:10166000FFF7E0FFA04214BF0020012010BD0000E2
:10167000014B00221A707047B48F002038B5044621
:10168000114B01221A70114B1868FFF725FF1D2C12
:1016900018D10F4B1C682378532B13D16378502B30
:1016A00010D11D212046FFF7D3FF58B1094D206806
:1016B0006168A268E3680FC520696169A26907C50E
:1016C000237F2B7038BD00BFB48F0020B88F00205F
:1016D000B08F0020E88F00200E4B10EE102AC3F8C8
:1016E000132010EE902AC3F8172011EE102AC3F829
:1016F0001B2011EE902AC3F81F200268C3F80320B4
:101700004268C3F807208268C3F80B20C268C3F898
:101710000F207047BC8F002010EE103A014AC2F82B
:1017200023307047BC8F0020014BA3F8270070477F
:10173000BC8F0020014B9870704700BFBC8F002009
:101740007047000000487047E88F002010B586B051
:1017500004AB0024049405940F4A059293E8030017
:10176000FAF7C6F90D4B186001940294039405230F
:10177000ADF804300A4B029301A8FFF789FE094B2C
:101780001860094B53221A7050225A7001229A7025
:10179000064806B010BD00BF7D160108B08F0020BE
:1017A00071160108B88F0020BC8F0020E88F002040
:1017B00070B58CB0214B1D7885F0010572B60DF126
:1017C000040C1F4C0FCCACE80F000FCCACE80F00A2
:1017D00094E80700ACE803002CF8022B120C8CF8FC
:1017E000002062B6292101A8FFF71CFFADF82D00EB
:1017F0000DF1040C134C2B2303FB054409AEE64604
:10180000BEE80F0020606160A260E360F44610341F
:10181000B645F4D1734603CB206061601A889B788B
:101820002281A3722B21074801FB0500FAF76EF90C
:1018300008B9024B1D700CB070BD00BFAE8F002008
:10184000BC8F0020588F002060B100224263826369
:101850004264C264C263C16A016342658265826494
:1018600002650264704700002DE9F04FE9B0FCF713
:10187000C7FE04463F4B18604FF0D00B5A4600217C
:101880000DEB0B0001F03EF804F12403349304F156
:1018900008033593384B4393384B4493384B469366
:1018A00007268DF82061374B49934FF07E5ACDF8CB
:1018B00038A1354B51938DF84C61344B54934FF014
:1018C00004098DF880914FF006088DF8818101257B
:1018D0008DF888518DF889512D4F639764955A463C
:1018E0000021684601F00EF804F1180300934C44FF
:1018F0000194284B0F93284B1093CDF848A08DF8F6
:1019000050604FF080431593244B1A93244B1B9344
:10191000244B1D938DF87C608DF8B0908DF8B180CC
:101920008DF8B2508DF8B4508DF8B5502F97022332
:10193000309331950DEB0B00FDF790FA1A4B1860C0
:101940006846FDF73DFE194B1860FDF7B3FE2A21EE
:101950001748FFF70FFD174B18600D211648FFF7CA
:1019600039FD164B1860FFF7EDFE154B186069B096
:10197000BDE8F08F609000200080BB450000484328
:1019800000204B4600007A4400080446000048420C
:1019900028090020CDCC4C3DCDCCCC3D60E5D03EDF
:1019A000EC51383E000024415C900020589000200B
:1019B0004C4D010854900020584D010850900020D3
:1019C0001090002070B52DED028B84B08049814BC2
:1019D0001868FFF720FD804B1B787BB37F4B1A689C
:1019E0005AB3937853B3D2F8033007EE903AF0EE3F
:1019F000E76A9FED7B7AF4EE476AF1EE10FA00F2A7
:101A0000A680D2F80F3007EE103AB0EEC76ADFEDCD
:101A1000746AB4EE666AF1EE10FA00F29A80DFEDB5
:101A2000716A67EEA67A704BC3ED007A27EE667A8C
:101A30006E4B83ED007A012300E00023644A127BA1
:101A4000002A00F08880511EC9B201292CD8002B31
:101A500000F0AC80644B93ED000AB1EE400A634B9A
:101A600093ED008AB1EE488A614B1868FDF776FA6B
:101A7000B0EE480A5F4B1868FDF79AFD5C4C206891
:101A8000FDF7E7F9012204212068FDF7CDF90122D5
:101A900002212068FDF7C8F9564C2068FDF78BFD40
:101AA00004212068FDF702FE0120FFF743FE524D9E
:101AB000524EB4462C680FCCACE80F000FCCACE80B
:101AC0000F0094E803008CE80300494B1B68D3ED3A
:101AD000017AFCEEE77A17EE903A3385B3EE070A07
:101AE000FFF71AFE0020FFF71FFE0220FFF728FE77
:101AF0002B681BB3424AD2F850110091D2F854110E
:101B00000191D2F858110291D2F85C21039293ED21
:101B1000097ADFED3C7A87EE270A93ED067A87EEA5
:101B2000271ADFED397A6846D3ED011A21EE271A1C
:101B3000D3ED020A20EE270AFFF7CEFD2F49334BE3
:101B40001868FFF77FFC04B0BDEC028B70BD00236A
:101B500074E7002372E7264B1868FDF76EF9254BF2
:101B6000186808B1FDF79EFD214B186860B1383048
:101B7000FFF76AFE1E4C2068B030FFF765FE206854
:101B800000F59470FFF760FE1A4B186800288BD0A0
:101B90003030FFF759FE174C2068A830FFF754FE8D
:101BA000206800F59070FFF74FFE7DE7022A09D00C
:101BB000114B1B68002B3FF461AF93ED090A93EDC5
:101BC000068A51E7024B93ED000A93ED018A4BE739
:101BD0001490002050900020B48F0020109000201E
:101BE000FFFF7F7FE12E65420C90002008900020CF
:101BF0005C900020589000206090002024900020ED
:101C00005083002000003443DB0F494054900020F3
:101C100010B52DED028B474BD3ED007AF5EEC07A6F
:101C2000F1EE10FA46DD9FED447A77EEC77AC3ED08
:101C3000007AF5EEC07AF1EE10FA38D43F4BD3EDCE
:101C4000007AF5EEC07AF1EE10FA4ADD9FED3A7AAD
:101C500077EEC77AC3ED007AF5EEC07AF1EE10FAAE
:101C60003CD4344C94ED000A354B1868FDF776F9F6
:101C7000324B93ED000A334B1868FDF76FF9D4ED42
:101C8000007AF0EEE77A9FED307AF4EEC77AF1EE63
:101C900010FA09D5294BD3ED007AF0EEE77AF4EE8D
:101CA000C77AF1EE10FA30D4BDEC028B10BD0022E1
:101CB0001A60C3E7F5EEC07AF1EE10FABED59FEDDB
:101CC0001E7A77EE877A1B4BC3ED007AF5EEC07A69
:101CD000F1EE10FAB2DD00221A60AFE700221A60BE
:101CE000BFE7F5EEC07AF1EE10FABAD59FED127AA1
:101CF00077EE877A114BC3ED007AF5EEC07AF1EEFC
:101D000010FAAEDD00221A60ABE79FED108A84ED79
:101D1000008A0A4B83ED008AB0EE480A084B186827
:101D2000FDF71CF9B0EE480A064B1868FDF716F9E6
:101D3000BAE700BF6890002000007A446490002059
:101D4000AC900020A8900020000048420000000055
:101D50002DE9F047E8B04FF0D00A524600210DEBD4
:101D60000A0000F0CFFD374B3893DFF81C91CDF817
:101D7000E490354B3B9301248DF8F440334F3E976C
:101D8000334A4392334A449246938DF8204149970F
:101D900002258DF8805103268DF881618DF88951D7
:101DA000DFF8E880CDF88C8164950DEB0A00FDF733
:101DB00055F8294B186064968DF882410DEB0A00A6
:101DC000FDF74CF8254B186052460021684600F09C
:101DD00099FD4FF07C510491CDF81490204A079260
:101DE0008DF824401F4B0A931F480F9010911292B8
:101DF0008DF8504015931D4B1A931D978DF8B050D8
:101E000007238DF8B1308DF8B960CDF8BC8004237C
:101E100030936846FDF722F8154B186019211548D4
:101E2000FFF7A8FA144B18600A211448FFF7D2FAFA
:101E3000134B18609FED130AFFF78AFA68B0BDE8EC
:101E4000F08700BF3333333F00401C4700401C463F
:101E50000000A04100004040AC900020A89000206D
:101E600000007A4600409C450000204100002C44C0
:101E7000A4900020644D0108A0900020704D01083E
:101E80009090002033339B41CDCCCC3D0009002005
:101E900010B58C4C21468C4B1868FFF7BCFA2378A0
:101EA000CBB98A4B1868FCF7C8FF894B1868FCF758
:101EB000C4FF884B1868FCF7C0FF0023864A1360F4
:101EC000864A13607F4B5B78042B1BD8DFE803F056
:101ED00010B88BA2AD007D4B1868FCF7BAFF7C4BA5
:101EE0001868FCF7B6FF7B4B1868FCF7B2FFE9E710
:101EF000784C02212068FDF72FF89FED790A2068C1
:101F0000FDF72CF86F4BDB78012B40F0D880724B3B
:101F1000D3ED007A9FED737AF4EEC77AF1EE10FA02
:101F200040F199809FED707A77EE877AC3ED007A61
:101F30009FED6C7AF4EEC77AF1EE10FA01DD83EDD5
:101F4000007A664BD3ED007A9FED667AF4EEC77A9D
:101F5000F1EE10FA40F199809FED637A77EE877A7F
:101F6000C3ED007A9FED5F7AF4EEC77AF1EE10FAD6
:101F700001DD83ED007A584B93ED000A534B18684E
:101F8000FCF7ECFF554B93ED000A514B1868FCF73A
:101F9000E5FF4E4B1A68936854490B604C4B1B6825
:101FA00098684860B2F90C2007EE902AF8EEE77ABC
:101FB000C1ED027AB3F90C3007EE903AF8EEE77A09
:101FC000C1ED037A434B1B689A680A61B3F90C3080
:101FD00007EE903AF8EEE77AC1ED057A444B1868BF
:101FE000FFF730FA10BD3B4C04212068FCF7B4FF2A
:101FF000206890ED040ADFED3F7A30EE270AFCF707
:10200000ADFFF9F727FA3C4B83ED000A3B4B3C4A06
:102010001A6077E72F4C02212068FCF79DFF9FEDA7
:10202000390A2068FCF79AFF6CE72A4C02212068E5
:10203000FCF792FF9FED340A2068FCF78FFF61E701
:10204000244C02212068FCF787FF9FED300A2068AE
:10205000FCF784FF56E79FED237AF4EEC77AF1EEA2
:1020600010FA7FF76EAF9FED207A77EEC77A1A4BA2
:10207000C3ED007A9FED1B7AF4EEC77AF1EE10FA09
:102080007FF55FAF83ED007A5BE79FED167AF4EEA4
:10209000C77AF1EE10FA7FF76EAF9FED137A77EE05
:1020A000C77A0E4BC3ED007A9FED0E7AF4EEC77A35
:1020B000F1EE10FA7FF55FAF83ED007A5BE7FFF793
:1020C000A7FD66E79490002090900020AC9000203F
:1020D000A8900020A4900020689000206490002028
:1020E0000000000000D00447000048437490002026
:1020F000A090002000003442709000206C900020DE
:10210000000016430000204200E02B460080BB4543
:10211000444B1A68D37A022B0BD0032B07D0002331
:102120004149097839BB33B940490B7327E0022391
:10213000F6E70123F4E73E48D0F824C03B49C1F854
:1021400000C0D0ED067AC1ED017ABBEE087AF4EE5C
:10215000C77AF1EE10FA09D99FED367AF4EEC77A14
:10216000F1EE10FA04DBF0EE477A01E0FBEE087ABC
:102170002E49C1ED017A2D490B73022B15D02A4946
:102180000B70D37A023BDBB2012B43D92A4B0021DF
:10219000D970937A022B41D0274B00225A704FF00E
:1021A0008242254BC3F80620704791ED007AB2F9C0
:1021B000000007EE900AF8EEE77ADFED206A67EE9E
:1021C000A67A77EE277AC1ED007AD1ED017AB2F9DD
:1021D000020007EE100AB8EEC77A27EE267A77EEED
:1021E000877AC1ED017ABBEE087AF4EEC77AF1EE98
:1021F00010FA09D99FED0F7AF4EEC77AF1EE10FAD2
:1022000004DBF0EE477A01E0FBEE087A0749C1ED06
:10221000017AB4E7084B0121D970BAE7064B0422D2
:102220005A70BCE73C910020F490002024910020DB
:10223000F890002000000C42E09000206F12033A5A
:1022400000B587B02348FEF7A9FF234B18600D2186
:102250002248FFF78FF8224B18602A212148FFF708
:10226000B9F8214B18600A212048FFF783F8204B6A
:10227000186019211F48FFF7ADF81F4B18600023A5
:102280000093019302930393049305931B4B0093D4
:1022900040F21233019340F21133029315238DF86B
:1022A000143003238DF815306846FFF717F8144BE8
:1022B0001860144B00221A605A600123124A1370EE
:1022C000124A1370FFF73EFA114B186007B05DF821
:1022D00004FB00BF001000203C910020584D010875
:1022E000389100204C4D010834910020704D0108B8
:1022F000F0900020644D0108EC9000202809002097
:102300004091002024910020C0900020E090002007
:10231000BC90002008B53649364B1868FFF77BF8AB
:102320003549364B1868FFF776F8FFF7F1FEF9F7F5
:1023300091F8BCEEC00A324BDB78012B2ED0002284
:102340001346DBB22F49097821B1002A42D12D4A28
:10235000002111702B4A1278AAB9A3B12A4B1B682D
:1023600010EE102AD31A4F2B0DD9264B01221A70CA
:10237000254B83ED000A10EE103A5033234A1360C8
:102380001F4B02225A701E49214B1868FFF75AF85A
:102390002049214B1868FFF755F808BD1D4A127BEC
:1023A000013AD2B2012A02D900221346C9E71B4AD8
:1023B000127852B11A4A12684AB19278022A02D0AF
:1023C0001A460023BDE71A46BBE70023B9E70022FF
:1023D0001346B6E70D4A126810EE101A8A4203D966
:1023E000074A02215170B5E7064A00211170B1E792
:1023F000F890002034910020C4900020EC90002040
:10240000E0900020B0900020B8900020B490002010
:10241000F09000202491002038910020B48F0020FB
:10242000BC90002008B5FCF7EBF804E0FFF7C0F91A
:102430000120F7F7AAFBF9F70DF80F4C84ED000A1D
:10244000FCF780FAF9F706F8D4ED007A30EE670A67
:102450000A4B83ED000A0A4A1378591C1170094A85
:10246000A2FB031202F0FC0101EB92029B1A13F093
:10247000FF0FDBD0DCE700BF6491002060910020FB
:102480005C910020CDCCCCCC08B5F8F7E3FF094C2B
:1024900084ED000AFDF74AF9F8F7DCFFD4ED007A85
:1024A00030EE670A044B83ED000A0120F7F76DFB5D
:1024B000EBE700BF589100205491002008B5FFF7CA
:1024C00029F8F8F7C7FF0A4C84ED000AFFF708F86F
:1024D000FFF73EF8F8F7BEFFD4ED007A30EE670A5A
:1024E000044B83ED000A0A20F7F74FFBE9E700BF32
:1024F000509100204C91002008B5FEF7D1F9FEF76D
:10250000BFF90120F7F741FBF9E708B5A820F8F774
:10251000B5FEF9F7FFFA08BD10B5A4B02D4C0DF1CA
:10252000740CA646BEE80F00ACE80F009EE807005A
:102530008CE8070000211DA8F7F7EFFA264B18607A
:102540000DF1580C04F11C0EBEE80F00ACE80F00B2
:102550009EE807008CE80700002116A8F7F7DDFACF
:102560001E4B18600DF13C0C04F1380EBEE80F0054
:10257000ACE80F009EE807008CE8070000210FA8D8
:10258000F7F7CBFA164B18600DF1200C04F1540E3E
:10259000BEE80F00ACE80F009EE807008CE80700DB
:1025A000002108A8F7F7B9FA0E4B18600DF1040ED8
:1025B00004F1700CBCE80F00AEE80F009CE80700C7
:1025C0008EE80700002101A8F7F7A7FA064B18606C
:1025D00024B010BD704B010878910020709100204C
:1025E0006C910020749100206891002008B572B6AB
:1025F000FFF78BFFFFF724FEFFF736F9FFF7A8FB85
:10260000FFF7A4F8FFF788FF62B608BD08B5FFF72B
:1026100081FEFFF7D7F9FFF73BFC08BD08B5F8F7D7
:1026200019FF094C84ED000AFFF7F0FFF8F712FFDD
:10263000D4ED007A30EE670A044B83ED000A0520E2
:10264000F7F7A3FAEBE700BF489100204491002080
:10265000DFF834D00D480E490E4A002302E0D4586A
:10266000C4500433C4188C42F9D30B4A0B4C0023DA
:1026700001E013600432A242FBD3F6F7CBFD00F079
:1026800075F9EEF7C1FC7047000002200000002041
:10269000300600207461010830060020C892002036
:1026A000FEE7931E222B10B50C4604D900230B70B5
:1026B0001C46204610BD0A2A09D1002807DA2D231E
:1026C0000B7040420121214400F0DAF8F1E70021CB
:1026D000F9E70000024B0146186800F025B800BF7A
:1026E000E005002070B50F4E0C463168054611B963
:1026F00000F02CF930602146284600F027F9431CF1
:1027000003D14FF0FF34204670BDC41C24F00304F5
:10271000A042F8D0211A284600F018F90130F2D171
:10272000EFE700BF7C9100202DE9F843CD1C25F098
:10273000030508350C2D38BF0C25002D064601DB9E
:10274000A94204D90C2333600020BDE8F883DFF8E8
:10275000D48000F069F8D8F800301C4644BB294604
:102760003046FFF7BFFF431C044658D1D8F800405D
:102770002746002F43D1002C4BD0236839463046E2
:1027800004EB030900F0E2F8814542D121686D1A9B
:1027900029463046FFF7A6FF01303AD023682B4484
:1027A0002360D8F800305A6862BBC8F800700FE0A8
:1027B0002268521B20D40B2A17D96119A342256025
:1027C00018BF5960636808BFC8F8001062514B60B9
:1027D000304600F02FF804F10B00231D20F0070015
:1027E000C21A1CBF1B1AA350AFE76268A3420CBFFA
:1027F000C8F800205A60EBE723466468AEE73C4621
:102800007F68B6E71A465B68A342FBD1002353609A
:10281000DEE70C233360304600F00CF894E70560E7
:10282000D6E700BF80910020014800F0C3B800BF88
:10283000BC920020014800F0BEB800BFBC9200204E
:1028400010B59AB00024009104916FF000410591F9
:102850000291054903916946199400F069F9009BBA
:102860001C701AB010BD00BF0802FFFF13460A46D5
:10287000014602480068FFF7E3BF00BFE005002003
:10288000F0B51F4C8BB005460B466E4604F1200C8C
:1028900020686168374603C7083464453E46F7D16F
:1028A00021793971911E2068386022294FF000018A
:1028B00004D919700B4618460BB0F0BD581E84465B
:1028C000B5FBF2F702FB175628366E440C4616F895
:1028D000286C0CF8016F2E46B24201F101013D4611
:1028E000EED900225A541919A51AAA42E3DA10F8AF
:1028F000015F0E780670013201F80159F4E700BF5C
:10290000F054010802440346934200D1704703F893
:10291000011BF9E710B50246147813460132002C6A
:10292000FAD1013B11F8012B03F8012F002AF9D14C
:1029300010BD10B5024601448A42134603D01C78EC
:102940000132002CF8D1181A10BD000038B5064D20
:102950000023044608462B6001F008FE431C02D108
:102960002B6803B1236038BDC092002070B50D4DB7
:102970000D4C641BA4100026A64209D10B4D0C4C33
:1029800002F0CEF8641BA4100026A64205D170BD4B
:1029900055F8043B98470136EEE755F8043B984755
:1029A0000136F2E76C6101086C6101086C61010895
:1029B0007061010870477047034611F8012B03F856
:1029C000012B002AF9D170470A44914200F1FF33EC
:1029D00000D1704710B511F8014B03F8014F914237
:1029E000F9D110BD38B50546002941D051F8043C55
:1029F0000C1F002BB8BFE418FFF716FF1D4A136821
:102A000033B9636014602846BDE83840FFF712BF51
:102A1000A34208D9206821188B4201BF19685B685E
:102A200009182160EDE71A465B680BB1A342FAD999
:102A300011685018A0420BD12068014450188342FD
:102A40001160E0D118685B68536008441060DAE7F1
:102A500002D90C232B60D6E7206821188B4204BFD3
:102A600019685B68636004BF091821605460CAE795
:102A700038BD00BF809100202DE9F0478E681F46C9
:102A8000BE420B6882460C4690462DD8B1F90C2008
:102A900012F4906F26D06569096905EB4505A3EB33
:102AA000010905EBD5757B1C4B446D109D4238BF69
:102AB0001D46530527D52946FFF736FE064660B367
:102AC00021694A46FFF780FFA38923F4906343F00E
:102AD0008003A381266165614E44A5EB090526604C
:102AE000A5603E46BE4200D93E4620683246414679
:102AF00000F0D4FAA3689B1BA360236833442360CF
:102B00000020BDE8F0872A4600F09AFA0646002821
:102B1000E0D121695046FFF765FF0C23CAF8003069
:102B2000A38943F04003A3814FF0FF30E9E70000A1
:102B30002DE9F04F98468B891B069DB007460D4640
:102B4000144610D50B6973B94021FFF7EDFD2860DD
:102B5000286130B90C233B604FF0FF301DB0BDE859
:102B6000F08F40236B610023099320238DF82930D7
:102B7000CDF80C803023DFF89C818DF82A304FF09F
:102B8000010923469A4613F8012B0AB1252AF9D1E7
:102B9000BAEB040B0BD05B46224629463846FFF7BA
:102BA0006BFF013000F0A780099A5A4409929AF805
:102BB0000030002B00F09F8000234FF0FF32CDE962
:102BC00005230AF1010A049307938DF853301A93F1
:102BD0005446052214F8011B4E48EDF711FB049AE8
:102BE000D8B9D00644BF20238DF85330110744BF15
:102BF0002B238DF853309AF800302A2B15D0079AE2
:102C0000544600204FF00A0C214611F8013B303B9E
:102C1000092B4BD9B0B1079214E0A0EB080309FAD5
:102C200003F313430493A246D2E7039B191D1B68C9
:102C30000391002BBBBF5B4242F002020793079354
:102C4000B8BF049223782E2B0AD163782A2B32D175
:102C5000039B1A1D1B68039243EAE3730234059336
:102C6000DFF8C0A0217803225046EDF7C9FA38B149
:102C7000049BA0EB0A0040228240134301340493DA
:102C800014F8011B24488DF828100622EDF7B8FA35
:102C9000002836D0214B1BBB039B073323F00703CF
:102CA00008330393099B334409936AE70CFB023210
:102CB0000C460120A8E700230134059319464FF084
:102CC0000A0C204610F8012B303A092A03D9002BB0
:102CD000C6D00591C4E70CFB012104460123F0E7AF
:102CE00003AB00932A460E4B04A93846AFF300808D
:102CF000421C0646D6D1AB895B063FF52DAF09983D
:102D00002CE703AB00932A46054B04A9384600F094
:102D100079F8EDE7155501081F550108000000007E
:102D2000792A01081B5501082DE9F04716469846F7
:102D30008A680B69DDF820909342B8BF1346336070
:102D400091F8432007460C460AB1013333602368EB
:102D5000990642BF336802333360256815F00605D3
:102D600006D104F1190AE36832689B1AAB4226DCEB
:102D700094F843302268003B18BF012392062BD4FD
:102D800004F1430241463846C84701301ED023684B
:102D9000226903F00603042B02BFE5683368ED1ACD
:102DA000A3680CBF25EAE57500259342C4BF9B1AB2
:102DB000ED1800261A34B5421AD1002008E001238C
:102DC000524641463846C847013003D14FF0FF30E4
:102DD000BDE8F0870135C6E7E1185A1C302081F8BC
:102DE0004300224494F8451082F843100233C7E7A9
:102DF0000123224641463846C8470130E6D0013615
:102E0000D9E700002DE9FF470F7E0C9E782F9146F1
:102E100080460C469A4601F1430207D8622F0AD831
:102E2000002F00F0D180582F00F0B88004F1420646
:102E300084F842703AE0A7F16303152BF6D801A19C
:102E400051F823F09D2E0108B12E01082D2E010806
:102E50002D2E01082D2E01082D2E0108B12E01085E
:102E60002D2E01082D2E01082D2E01082D2E0108D2
:102E7000AF2F0108DB2E0108692F01082D2E010854
:102E80002D2E0108D12F01082D2E0108DB2E01085F
:102E90002D2E01082D2E0108712F010833681A1DEF
:102EA0001B68326004F1420684F8423001239CE042
:102EB00033682068191D3160060601D51D6803E0DE
:102EC0004506FBD5B3F90050002D03DA2D236D42E2
:102ED00084F8433058480A2311E021683368080613
:102EE00053F8045B02D4490648BFADB26F2F524875
:102EF000336014BF0A230823002184F84310666856
:102F0000A660002E05DB21682E4321F0040121601C
:102F10004BD01646B5FBF3F103FB1157C75D06F81E
:102F2000017D2F46BB420D46F4D9082B0BD12368F7
:102F3000DF0708D5236961689942DEBF302306F8B0
:102F4000013C06F1FF36921B2261CDF800A04B46F2
:102F500003AA21464046FFF7E7FE01304AD14FF071
:102F6000FF3004B0BDE8F087236843F020032360FE
:102F70003248782784F84570236831681F0651F875
:102F8000045B02D45F0648BFADB23160D90744BFCD
:102F900043F0200323601DB11023ADE72648E9E785
:102FA000236823F020032360F6E71646BDE7336865
:102FB00025686169181D30602E061B6801D51960EF
:102FC00002E06806FBD51980002323611646BCE7A2
:102FD00033681A1D32601E68626800213046EDF7C2
:102FE0000FF908B1801B606063682361002384F8D7
:102FF0004330AAE72369324649464046D04701306C
:10300000ADD023689B0713D4E068039B9842B8BFF8
:103010001846A6E70123324649464046D0470130CC
:103020009DD00135E36803995B1AAB42F2DCEBE714
:10303000002504F11906F5E7265501083755010862
:103040002DE9F041074614460D4621B9BDE8F0418F
:103050001146FFF769BB2AB9FFF7C4FC254628468D
:10306000BDE8F08100F034F88442064602D8B4EBA3
:10307000500FF4D821463846FFF756FB804608B972
:103080004546ECE7B4422246294628BF3246FFF7C0
:103090009BFC29463846FFF7A5FCF1E7884210B5AE
:1030A00001EB020402D98442234607D8431EA14201
:1030B00008D011F8012B03F8012FF8E7024401466C
:1030C0008A4200D110BD13F8014D02F8014DF7E717
:1030D00051F8043C181F002BBCBF0B58C018704798
:1030E00008B52DED028BB0EE408A00F0D5F9B4EEB4
:1030F000488AF1EE10FAF0EE408A15D6B0EE480A92
:1031000000F0D6F8F7EE007AB4EEE70AF1EE10FA26
:103110000ADD01F0FFFCBDEC028B21230360BDE85A
:103120000840044800F0CCB8B0EE680ABDEC028B51
:1031300008BD00BF1A55010808B52DED028BB0EE91
:10314000408A00F09FFAB4EE488AF1EE10FAF0EEF1
:10315000408A15D6B0EE480A00F0AAF8F7EE007AD9
:10316000B4EEE70AF1EE10FA0ADD01F0D3FCBDEC93
:10317000028B21230360BDE80840044800F0A0B89A
:10318000B0EE680ABDEC028B08BD00BF1A550108FD
:1031900000F05CBB08B52DED028BB0EE408A00F06C
:1031A000CBFCB4EE488AF1EE10FA0CD6DFED078ABC
:1031B000B4EEE88AF1EE10FA05D501F0ABFC88EE2A
:1031C000A80A21230360BDEC028B08BD00000000AB
:1031D00010EE103A07B51E4A23F00043934206D87A
:1031E000DFED1C0A03B05DF804EB00F0B5B8B3F1F5
:1031F000FF4F04D330EE400A03B05DF804FB68468D
:1032000000F09EFC00F00300012809D0022810D035
:10321000B0B9DDED010A9DED000A00F09DF8EBE785
:10322000DDED010A9DED000A00F0EEF8B1EE400A76
:10323000E2E7DDED010A9DED000A00F08DF8F5E70B
:10324000DDED010A9DED000A012000F0DDF8D3E775
:10325000D80F493F0000000038B52DED028B55EC2A
:10326000104B00F093FB22462B4620462946B0EE39
:10327000408AF0EE608AEDF769FC90B900220023E5
:1032800020462946EDF73AFC58B101F043FC2123D2
:1032900003600022002310461946EDF7E7FA41ECDF
:1032A000180BB0EE480AF0EE680ABDEC028B38BD90
:1032B00010EE103A23F0004300EE103A7047000081
:1032C0009FED010A704700BF0000C07F10EE103A6A
:1032D00007B51F4A23F00043934207D8DFED1D0ACC
:1032E000002003B05DF804EB00F08EB8B3F1FF4F9F
:1032F00004D330EE400A03B05DF804FB684600F0EA
:103300001FFC00F0030001280AD002280FD0C0B92A
:10331000DDED010A9DED000A012000F075F8EAE7F5
:10332000DDED010A9DED000A00F016F8E3E7DDEDA2
:10333000010A9DED000A012000F066F8B1EE400A96
:10334000D9E7DDED010A9DED000A00F005F8F5E78B
:10335000D80F493F0000000010EE103A23F0004360
:10336000B3F1485FF0EE406AB7EE000A04D2FDEE1A
:10337000E67A17EE902A42B326EEA67ADFED1A7AA5
:103380009FED1A6A1A4AA7EE276A9342DFED197A6F
:10339000E6EE077A9FED186AA7EE876ADFED177AE7
:1033A000E6EE077A9FED166AA7EE876A60EEE60AF8
:1033B00026EE076AF6EE007AE7EE060A67EE277A4F
:1033C00004D877EEE07A30EE670A70470D4A9342F0
:1033D0009ABF03F17F4307EE103AB5EE027A30EE62
:1033E000470A77EEC77AECE74ED747ADF6740F3150
:1033F0009999993E7CF293B4010DD037610BB6BA1E
:10340000ABAA2A3D0000483F10EE103A23F00043DB
:10341000B3F1485F04D2FDEEC07A17EE903A5BB389
:1034200020EE007ADFED157A9FED156AA7EE276A88
:10343000DFED147AE6EE077A9FED136AA7EE876A4E
:10344000DFED127A60EE076AE6EE077A30B99FED9B
:10345000106AA7EE276AA6EE260A704767EEE67A9C
:10346000B6EE006AE0EE867AD7EE870ADFED097ADB
:10347000E6EEA70A30EE600A704700BFD3C92E2FD0
:10348000342FD7B21BEF3836010D50B98988083C6C
:10349000ABAA2ABEABAA2A3E08B510EE103A23F01A
:1034A0000042B2F17E5F2DED0C8B0AD19FED640AD4
:1034B000DFED647A002BC8BFB0EE670ABDEC0C8B61
:1034C00008BD04D930EE408A88EE080AF6E7B2F16A
:1034D0007C5F3CD2B2F10C5F40F2AF8060EE007ACC
:1034E000DFED596A9FED597A9FED596AA7EEA67AEA
:1034F000DFED586AE7EE276A9FED577AA6EEA77AC6
:10350000DFED566AE7EE276A9FED557AA6EEA77AB9
:10351000DFED546AA7EEA66ADFED536AE6EE276A8E
:103520009FED526AA6EEA76AF7EE006AE6EE276AFA
:1035300027EE277ADFED4E7A87EE266AE0EE467AAE
:1035400070EE677A9FED4B0A30EE670AB6E7002B04
:10355000DFED3DDADFED3DCA9FED3ECADFED3EBA5D
:103560009FED3EBADFED3E8A9FED3EDADFED38AAF1
:103570009FED3DAADFED3D9AB7EE009AF6EE007A98
:1035800028DA30EE098A28EE270AE0EE2DCAE0EEAE
:103590000DAAACEE80CAAAEE80AAECEE00BAEAEE62
:1035A000009AABEE80BAA9EE809AEBEE008A68EE44
:1035B000808A00F0C1FA88EE897ADFED2F7AE0EE9A
:1035C000077AB0EE007A77EE807A9FED2C0AA7EEAC
:1035D000C70A73E739EE408A28EE278AB0EE480A18
:1035E00000F0AAFAE8EE2DCAE8EE0DAAACEE88CA01
:1035F000AAEE88AAECEE08BA10EE103AABEE88BA42
:103600006FF30B03EAEE089A07EE903AEBEE088AA6
:10361000B0EE486AA7EEE76AA9EE889A70EE276ACC
:1036200068EE888A86EE267AC8EE896AA0EE267A47
:1036300037EE870A30EE000A40E79FED110A3DE7BA
:10364000DB0F49400000000008EF1138047F4F3ABB
:10365000613330BF461124BDA80A4E3E90B0A6BECD
:10366000ABAA2A3E2EC69D3D2D57014039D119C027
:103670006821A233DA0FC93F6821A2B3DA0F4940AB
:10368000DB0FC93F38B510EE105A25F00044B4F1F5
:103690007E5F2DED048B0CD1DFED5C7A9FED5C7AC3
:1036A00060EE277AE0EE077AB0EE670ABDEC048B95
:1036B00038BD04D970EE407A87EEA70AF6E7B4F178
:1036C0007C5FF7EE008A0BD2B4F1485F52D2DFED97
:1036D000517A70EE277AF4EEE87AF1EE10FAE5DC32
:1036E000FFF7E6FD38EEC08AF6EE007A28EE278A6C
:1036F0009FED497ADFED497A9FED499AA8EE277A46
:10370000DFED487AE7EE087A9FED477AA7EE887AF0
:10371000DFED467AE7EE087A9FED457AA7EE889AC4
:10372000DFED447AE8EE077A9FED437AA7EE887AD8
:10373000DFED427AE7EE087AB0EE480AE7EE888AD3
:1037400000F0FAF93E4B29EE089A9C4289EE286A6D
:10375000F0EE006A3DD9A0EE060ADFED3A7AE0EE1F
:10376000267A9FED2B0A30EE670A002DD8BFB1EE06
:10377000400A9BE760EE007ADFED286A9FED267A2B
:103780009FED2B6AA7EEA67ADFED266AE7EE276AA1
:103790009FED257AA6EEA77ADFED246AE7EE276A89
:1037A0009FED1F7AA6EEA77ADFED226AE7EE866A22
:1037B0009FED216AA6EEA76ADFED206AE6EE276A92
:1037C00027EE277AE6EEA78AC7EE287AA0EE270A28
:1037D0006CE710EE103A6FF30B0307EE103AA7EE0A
:1037E000478A70EE005A30EE070ADFED087A88EE5D
:1037F000005A9FED150AE5EE667AD5EE867AB0EEB0
:10380000406AA7EE666A77EEC67AACE72EBD3BB398
:10381000DB0FC93FCAF24971047F4F3A08EF1138F4
:10382000ABAA2A3E461124BDA80A4E3E90B0A6BEC1
:103830002EC69D3D613330BF2D57014039D119C08F
:103840009999793F2EBD3B33DB0F493F10EE902A0B
:1038500022F00041B1F1FF4F10B5F0EE407A06D8EA
:1038600010EE100A20F00043B3F1FF4F04D977EEB9
:10387000A07AB0EE670A10BDB2F17E5F03D1BDE859
:10388000104000F08DBA941704F0020444EAD0749A
:1038900043B9022C5ED09FED347A032C08BFF0EEC2
:1038A000477AE6E741B9DFED317A9FED317A0028BA
:1038B000A8BFF0EE477ADCE7B1F1FF4F10D1B3F1CA
:1038C000FF4F04F1FF3407D1022C46D8294B03EBFC
:1038D0008403D3ED007ACCE7022C41D8264BF6E7DF
:1038E000B3F1FF4FDFD05B1AB3F1F45F4FEAE3515E
:1038F0001ADA002A01DA3C3119DB87EEA00AFFF759
:10390000D7FC00F04DFAF0EE407A012C12D0022CD8
:1039100017D0002CADD09FED197A77EE877A9FED06
:10392000187A77EEC77AA4E7DFED117AEDE7DFEDDD
:10393000157AEAE717EE903A03F1004307EE903A62
:1039400097E79FED0E7A77EE877A9FED0D7A77EE07
:10395000677A8EE7DFED0A7A8BE7DFED0B7A88E78F
:10396000DFED087A85E700BFDB0F49C0DB0FC9BF79
:10397000DB0FC93F54550108485501082EBDBB3324
:10398000DB0F494000000000DB0F493F2DE9F84FF5
:10399000664A55EC104BAA432B46214610D12246CD
:1039A00020462946ECF738FE02460B4620462946BB
:1039B000ECF77CFC04460D4645EC104BBDE8F88F57
:1039C000002D0EDC25F000422243F5D09DB12246A9
:1039D00020462946ECF768FC02460B46ECF746FF0A
:1039E000E8E72A1515D1002009E0CB0A153A490568
:1039F000002BFAD0F7E72A46FAE75B000130DC0239
:103A0000FBD5441E121BC0F1200421FA04F4234309
:103A10008140C3F31303A2F2FF3743F48013D207AC
:103A20005CBF5B0003EBD1734FEA430358BF49000F
:103A3000002603EBD1737F104900162032464FF465
:103A4000001415199D42DEBF2A195B1B3619CD0FD4
:103A5000013805EB43034FEA41014FEA5404F0D12A
:103A6000054620244FF0004C93420CEB000E02DC84
:103A700013D18E4511D8BEF1000F0EEB0C003FDACA
:103A800000283DDB02F101089B1A8E4588BF03F137
:103A9000FF33A1EB0E01654442464FEAD17E013C63
:103AA0000EEB43034FEA41014FEA5C0CDCD11943B2
:103AB0001BD0DFF87CA0DFF87CB0DAE90001DBE99D
:103AC0000023ECF7F1FBDAE9008902460B46404699
:103AD0004946EDF71DF840B1B5F1FF3FDAE90001C5
:103AE000DBE900230ED101362546731003F17F5325
:103AF00003F5001303EB07516B0843EAC67059E75F
:103B00009046C1E7ECF7D2FBDAE9008902460B46A2
:103B100040464946ECF7F2FF20B1AB1C08BF013626
:103B20000235E2E76B1C23F00105DEE70000F07FC1
:103B30006855010860550108B1EEC00A70470000E1
:103B4000F0B510EE106A884B26F000459D4287B014
:103B5000044605D8002380ED000A4360002022E0DF
:103B6000824B9D423AD826F00043002E9FED807A8A
:103B7000804A23F00F0318DD934270EE477A09BFA5
:103B80009FED7D7ADFED7D6ADFED7D6A77EEC77AA6
:103B900037EEE67A77EEC77A80ED007A77EEE67A4E
:103BA000C0ED017A012007B0F0BD934270EE077AB4
:103BB00009BF9FED717ADFED716ADFED716A77EE13
:103BC000877A37EEA67A77EEC77A80ED007A77EEBD
:103BD000A67AC0ED017A4FF0FF30E4E7694B9D42D1
:103BE00073D8FFF765FB9FED687AF6EE007AE0EE9A
:103BF000077AFDEEE77AB8EEE77A17EE900ADFED86
:103C00005C7AA7EE670A1F28DFED5C7A67EE277AF9
:103C1000B1EE476A70EE676A16EE901A09DC5B4AED
:103C2000471E26F0004352F8272023F0FF0393425B
:103C300007D1C1F3C752C2EBD552082A4FEAE55368
:103C400014DC216094ED007A30EE470A002E30EE4D
:103C5000670A84ED010AA6DAB1EE477AB1EE400AAE
:103C600084ED007A84ED010A40429CE7DFED425A80
:103C7000F0EE406AE6EE256A70EE667AE6EE257AA8
:103C8000DFED3F5AD7EE257A76EEE75A15EE902A09
:103C9000C2F3C7515B1A192B04DCC4ED005AB0EE15
:103CA000660ACFE7DFED3A5AB0EE660AA6EE250ABD
:103CB00076EEC07ADFED376AE6EE257AD7EE267A21
:103CC00030EE677A84ED007ABCE7B5F1FF4F06D39A
:103CD00070EE407AC0ED017AC0ED007A3EE7EA1559
:103CE000863AA5EBC25307EE903ABDEEE77ADFEDD8
:103CF0002A6AB8EEC77A77EEC77A8DED037A67EE57
:103D0000A67ABDEEE77AB8EEC77A77EEC77A8DED80
:103D1000047A67EEA67AF5EE407AF1EE10FACDED70
:103D2000057A1ED1B5EE407AF1EE10FA0CBF0123F0
:103D300002231A4901910221009103A8214600F0B3
:103D400003F9002EBFF62FAFD4ED007AF1EE677ABB
:103D5000C4ED007AD4ED017AF1EE677AC4ED017A10
:103D600082E70323E5E700BFD80F493FE3CB1640C6
:103D7000800FC93FD00FC93F004435374344353722
:103D800008A3852E800F494384F9223F705501080E
:103D900000A3852E32318D2400008043F0550108A8
:103DA00038B510EE105A25F00044B4F1A14FF0EEF2
:103DB000407A10D3B4F1FF4F04D970EE007AB0EE20
:103DC000670A38BDDFED4D7A9FED4D7A002DC8BFF3
:103DD000F0EE477AF3E74B4B9C4210D8B4F1445FC6
:103DE0000AD29FED497A30EE077AF7EE006AB4EE18
:103DF000E67AF1EE10FAE2DC4FF0FF3313E0FFF762
:103E000057FA424B9C424FD8A3F5D0039C4241D86D
:103E1000F0EE007ABFEE007AA0EE277A002330EEB3
:103E2000270AC7EE007A5A1C27EEA76A9FED387A58
:103E3000DFED385A9FED385A66EE066AE6EE875A8D
:103E40009FED367AA5EEA67ADFED355AE7EE265AD3
:103E50009FED347AA5EEA67ADFED335AE7EE265AC7
:103E60009FED327AA6EE875A9FED317AA5EE267A3B
:103E70009FED305AA7EE265A9FED2F7AA5EE267AAF
:103E800027EE267AA5EE867A27EE877A21D177EE7D
:103E9000C77A94E7F7EE007A30EE677A30EE270AB9
:103EA0000123C7EE007ABEE7244B9C420BD8F7EE05
:103EB000087AB7EE007AA0EE277A022370EE676ADE
:103EC000C6EE877AAFE7BFEE007AC7EE007A03232B
:103ED000A9E71B4A1B4902EB830201EB8303D3EDE5
:103EE000006A37EE667A002D37EE677AD2ED007AF7
:103EF00077EEC77AB8BFF1EE677A60E7DB0FC9BF2C
:103F0000DB0FC93FFFFFDF3ECAF24971FFFF973F5A
:103F1000D769853C59DA4B3D6BF16EBD356B883DF9
:103F20006E2EBA3D2549123EABAAAA3E21A215BD6E
:103F300095879DBD388EE3BDCDCC4CBEFFFF1B40A9
:103F400018590108085901082DE9F04F2DED048B8F
:103F5000D9B090460190B64A669818F1040F52F80D
:103F600020A00F4603F1FF3B26DBB8F1030248BF58
:103F700008F10402D210551C67999FEDB17AE80050
:103F8000A2EB0B060290A8EBC5050AEB0B0C1CACD0
:103F900001EB860E0020604510DD1CA901EB8300BB
:103FA0000DF588790026564524DCDDF804E0DFEDC8
:103FB000A47A8446002416E00022DCE7C6425DBFF6
:103FC0005EF8201007EE901AF8EEE77AF0EE477AE6
:103FD000E4EC017A0130DEE7FEEC016A3CED017AA7
:103FE000E6EE877A01345C45F6DDE9EC017A0136CC
:103FF0000430D8E708A901EB8A0104916799DFED45
:104000008F8A9FED8D9A01EB820203925446A200A3
:10401000059258AA02EB840212ED140A44A908AAD8
:1040200001EB840094462646002E4CDC2846CDE960
:10403000062300F035FAB0EE408AB4EE000A28EE0E
:10404000000A00F0E9F9F2EE007AA0EE678A002D8E
:10405000DDE90623FDEEC87A17EE909AF8EEE77ACE
:1040600038EE678A41DD04F1FF3C08A9C5F1080E6E
:1040700051F82C6046FA0EF0814400FA0EF0361A20
:10408000C5F1070041F82C600641002E3CDD4FF0E1
:10409000000E09F101097046744568DC002D03DD4E
:1040A000012D74D0022D7DD0022E2DD1B7EE000A45
:1040B00030EE488A40B32846069300F0F1F9069B9B
:1040C00038EE408A20E060EE287A013EFDEEE77A85
:1040D000F8EEE77AA7EEC90ABDEEC00AACEC010A19
:1040E00030ED010A37EE800A9EE705D1601E08A96F
:1040F00051F82060F611C8E7F6EE007AB4EEE78AD0
:10410000F1EE10FA31DA0026B5EE408AF1EE10FA3F
:1041100040F09880601E002250454BDA002A65D09E
:10412000013C08AB083D53F82430002BF8D028465A
:10413000B7EE000A00F0B4F9631C44AA9FED3F7A81
:10414000990002EB83022346002B80F2A9802346CC
:10415000002BC0F2C78044AA02EB8305DFF8D4C06D
:10416000DFED377A0020E21AB1E002268FE752F83D
:10417000041B48B921B1C1F5807142F8041C01212A
:104180000EF1010E084687E7C1F1FF01F5E704F1E2
:10419000FF3C08AA52F82C2002F07F0208A941F83F
:1041A0002C2081E704F1FF3C08AA52F82C2002F0F1
:1041B0003F02F3E708A951F8201001380A43ABE7A2
:1041C000013250F8046D002EFAD0059901F5B07156
:1041D0000DEB0100E6181CA904F1010C4C3801EBB1
:1041E00086062244624504DA144610E70498012248
:1041F000E7E70399DDF804E051F82C10059107EE8C
:10420000901AF8EEE77A0024E6EC017ADFED0C7AFA
:10421000B1465C4504DDE0EC017A0CF1010CE1E70C
:10422000FEEC016A39ED017A0134E6EE877AF0E7B7
:104230005459010828590108000080430000803BC0
:1042400000000000029BB0EE480AA3EB080000F05B
:1042500027F91FED077AB4EEC70AF1EE10FA19DB61
:104260005FED0A7A60EE277A08AAFDEEE77A083554
:10427000F8EEE77AA7EEC70AFDEEE77ABDEEC00AD0
:1042800010EE103A42F8243017EE903A013442F81A
:1042900024304CE7BDEEC00A08AA10EE103AF6E74B
:1042A00008A850F82300019007EE900AF8EEE77A8C
:1042B000013B67EE807A20EE070A62ED017A43E760
:1042C000FCEC016AB5EC017AE6EE877A01305045E4
:1042D00001DC9042F4DD58A800EB820242ED287A1E
:1042E000013B35E7669B022B09DC002B27DC40D025
:1042F00009F0070059B0BDEC048BBDE8F08F669B58
:10430000032BF5D130AA0B1F13441A462046002870
:1043100050DC2246012A5DDC30AB5FED377A0B447E
:10432000012C67DCDDED306A9DED317A002E67D11E
:10433000C7ED006A87ED017AC7ED027AD8E730ABA6
:104340001FED417A0B442246002A24DA4EB3F1EEE7
:10435000477AC7ED007ADDED307A77EEC77A31AA79
:1043600001239C4220DA0EB1F1EE677AC7ED017AA3
:10437000BEE730AB5FED4E7A0B44002C05DA0EB190
:10438000F1EE677AC7ED007AB2E733ED017A013CCE
:1043900077EE877AF1E773ED017A013A37EE277A03
:1043A000D2E7F0EE477AD4E7B2EC017A013377EE48
:1043B000877AD6E772ED017AD2ED016A37EEA67AF6
:1043C000013877EEC77A82ED007A77EEA67AC2EDF1
:1043D000017A9CE773ED017AD3ED016A37EEA67A94
:1043E000013A77EEC77A83ED007A77EEA67AC3EDCD
:1043F000017A8FE733ED017A013C77EE877A8FE718
:10440000F1EE666AB1EE477AC7ED006A87ED017A90
:10441000F1EE677A90E700BF10EE103AC3F3C7528F
:104420007F3A162A23F000412BDC002A12DADFED56
:10443000197A30EE270AB5EEC00AF1EE10FA06DD61
:10444000002B24DA0029144B08BF4FF0004300EE84
:10445000103A7047114911410B42FAD0DFED0D7A45
:1044600030EE270AB5EEC00AF1EE10FAEFDD002BB0
:10447000BEBF4FF4000040FA02F29B1823EA01038A
:10448000E5E7B1F1FF4FE4D330EE000A70470023B7
:10449000DDE700BFCAF24971000080BFFFFF7F0067
:1044A00010EE103A33F000422BD0B2F1FF4F02D39E
:1044B00030EE000A704713F0FF4F23D1244BDFED9D
:1044C000257A984220EE270A17DB10EE103AC3F344
:1044D000C752193A4CF25031884215DDDFED1E7A91
:1044E000DFED1E6A10EE103AB0EE677A002BB8BF0F
:1044F000F0EE667A27EE870A7047DFED197A27EE2D
:10450000800A7047D20DE5E71044FE28E6DC00285B
:1045100006DD23F0FF4343EAC05300EE103A704734
:1045200010F1160F09DADFED0E7ADFED0E6A10EEEC
:10453000103AB0EE677A002BD9E7193023F0FF4329
:1045400043EAC0539FED080A07EE903AD7E700BF51
:10455000B03CFFFF0000004CCAF24971CAF249F1B9
:104560006042A20D6042A28D00000033044A11682F
:10457000034609B90349116010680344136070478A
:10458000C4920020C89200200388B0F802C0496895
:10459000406852680CFB03F34BB1F0EC017AB1ECCC
:1045A000017A77EE877A013BE2EC017AF5D10020BF
:1045B000704700BF01804280436070472DE9F04F93
:1045C00002468FB003884068528809904868079176
:1045D00002900C920BB31D4600264FF07E58994670
:1045E0000EE0FEF78FF9013D47F8048B06F1010656
:1045F00012D0AC00224600213846FEF783F9381964
:10460000B20087180021002EEBD10746013D47F884
:10461000048B01D00126ECE74B460C98002800F0F3
:104620003481421C099C0D949200111F661804EB02
:10463000410100250491014680000196F7EE005AE1
:104640000B9200950A9004EB810B03912646089586
:10465000009996ED007A884601318B42009140F234
:10466000DE80019C4246D4ED007AF0EEC76AB0EEDF
:10467000E76AB4EEE66AF1EE10FAC8BF0A4601F145
:104680000101C8BFB0EE677A8B420444EBD1B5EEAE
:10469000407AF1EE10FA00F0C880904540F0CA80F0
:1046A000089A012A079A00F0FD805288029902FBBD
:1046B00008FC01EB8C0C1746C5EE877A3146B1EC4D
:1046C000017A27EE277A594501ED017AF7D157B1E2
:1046D00064460021B4EC017A013127EE277A8F423B
:1046E00004ED017AF6DCB8F1000F37D0039901EB45
:1046F00008040999CDE9053B01EB840401EB880529
:1047000002994FEA820A4FEA870901EB87014FF0CD
:10471000000ED5ED007A2B46B346B3EC017AFBECE4
:10472000016AA6EEE77AA34203ED017AF5D1A1EB87
:104730000903E3464FB1B3EC017AFBEC016AA6EE44
:10474000E77A8B4203ED017AF5D10EF1010EC645F1
:10475000054451440444DCD3DDE9053B00998B4218
:1047600030D98E464FEA820902FB0171029A049CFD
:10477000019DC7EB877802EB81014FEA8808D5EDF0
:10478000007A2A46B246B2EC017AFAEC016AA6EE49
:10479000E77AA24202ED017AF5D108EB0102E24686
:1047A0004FB1B2EC017AFAEC016AA6EEE77A8A42DE
:1047B00002ED017AF5D10EF1010E7345054449442D
:1047C0000444DCD10B9A0199164411440A9A0191D0
:1047D0009344049A02440492039A013A03927FF4A8
:1047E00037AF08990D9A012915D0F5EE407AF1EE10
:1047F00010FA10D10C9800FB03F31BB945E001310E
:10480000994242D0F2EC017AF5EE407AF1EE10FADC
:10481000F5D08B4239D000200FB0BDE8F08FB5EE57
:10482000407AF1EE10FA7FF43BAF089A012A2CD1BE
:10483000079A3AE70C9902FB0184099901EB840479
:10484000314627680D6841F8047B594544F8045BFC
:10485000F7D10799029C4F88B90001FB084C02FB75
:1048600001426144B7B11568DCF800404CF8045BC4
:104870008C4542F8044BF6D1029907FB08FC01EB8A
:104880008C0C01213A46089116E76FF004000FB036
:10489000BDE8F08FF7EE006A0121C6EE877A3A464E
:1048A00008910BE75788E7E72DE9F043D1F804803A
:1048B0004988448845680688536801294FEA810081
:1048C0004FEA840720D103EB0009A9EB000CC64690
:1048D000DFED1E7A5CB1224673462946D3ED006AAD
:1048E000B1EC017A013AE6EE877A0344F6D1ECECBA
:1048F000017ACC450EF1040EEAD1013E3D448144DB
:10490000E3D10020BDE8F08303EB000CACEB000E1C
:10491000C146DFED0E7A5CB122464B46294693ED47
:10492000007AF1EC016A013AE6EE877A0344F6D1A7
:10493000EEEC017AE64509F10409EAD1013E3D4475
:104940008444E3D10020BDE8F08300BF00000000F4
:104950000388B0F802C04968406852680CFB03F352
:104960004BB1F0EC017AB1EC017A77EEC77A013BFA
:10497000E2EC017AF5D10020704700BFF0B5458820
:10498000028844684B68B5B14FEA820C012A9E4602
:1049900003EB0C074FEA850614D172462B462146DD
:1049A00051F8040B1060013B6244F9D10EF1040E82
:1049B000BE453444F1D10020F0BD0EF1040EBE45D9
:1049C0003444F8D072462B46214651F8040B10604F
:1049D000013B6244F9D1F0E79FED237ADFED236AD2
:1049E000F5EE007AE0EE077AB4EEE60AF1EE10FAA0
:1049F000BDEEE77A04D517EE103A013B07EE103A08
:104A0000B8EEC77ADFED1A6A77EEC77A67EEA67A54
:104A1000BCEEE77A17EE103A9BB2B3F5007F1AD2DC
:104A200007EE103AB8EE477A591C37EEC70A114A1A
:104A3000F7EE006A02EB810137EE267AD1ED006ACB
:104A400002EB830237EE677A20EE260AD2ED007A77
:104A5000A7EE270A704777EEE67A9FED077AB0EE69
:104A6000670A01210023E2E783F9223EDB0FC9BF79
:104A7000000000446059010800000000DFED217AC9
:104A800020EE270AB5EEC00AF1EE10FAFDEEC07A6C
:104A900004D517EE903A013B07EE903AF8EEE77A2C
:104AA000DFED196A30EE670A60EE267ABCEEE77A2F
:104AB00017EE103A9BB2B3F5007F1AD207EE103A08
:104AC000B8EE477A591C37EEC70A104AF7EE006A6B
:104AD00002EB810137EE267AD1ED006A02EB830208
:104AE00037EE677A20EE260AD2ED007AA7EE270A83
:104AF000704777EEE67A9FED067AB0EE670A0121FD
:104B00000023E2E783F9223E0000004460590108D7
:104B100000000000014B1868704700BFE00500204E
:104B2000F8B500BFF8BC08BC9E467047F8B500BF9A
:084B3000F8BC08BC9E4670476A
:104B3800FC4B01081D1200080000000000000000E6
:104B48008000000000000000000000005C4C01082C
:104B5800A1F3000800000000000000008000000031
:104B68000000000000000000A84D010825240108ED
:104B78000100000000000000000400000000000028
:104B8800000000009C4D0108892401080000000075
:104B9800000000000001000000000000000000000C
:104BA800904D0108BD24010800000000000000002D
:104BB800800000000000000000000000844D010893
:104BC8001D2601080000000000000000000400008D
:104BD80000000000000000007C4D0108F9240108D5
:104BE80000000000000000000002000000000000BB
:104BF8000000000064656661756C745461736B0035
:104C0800566973696F6E20436F6D6D20706F727493
:104C1800000000005975654C75456D6265646465F2
:104C28006400000043444320436F6E6669670000D8
:104C380043444320496E74657266616365000000F1
:104C480049444C45000000005465726D696E616C02
:104C580000000000646D5F7461736B5F6E616D6569
:104C6800000000006F6E20006F6666006F70656E52
:104C780020000000636C6F736500000073643000EF
:104C88007A65726F666F726365000000726F746197
:104C980074652020200000006E6F666F6C6C6F7763
:104CA80020000000666F6C6C6F77202020000000E9
:104CB80073643100667265652020202020000000A2
:104CC8006779726F20202020200000007364320072
:104CD800736433007364340073643500736436009E
:104CE800736C3000736C3100736C3200736C33007A
:104CF800736C340073733000636861737369733A5B
:104D0800000000007373310067696D62616C3A00DE
:104D18007373320073686F6F743A000073733300F3
:104D280066726963743A0000737334006C69643A9C
:104D38000000000073733500506F7765723A000009
:104D48007373360067696D62616C5F6665656400E0
:104D580067696D62616C5F636D64000073686F6F93
:104D6800745F66656564000073686F6F745F636D78
:104D78006400000075697461736B0000726F626F84
:104D8800747461736B0000006461656D6F6E7461AB
:104D9800736B00006D6F746F727461736B00000049
:104DA800696E737461736B000006101600061016A6
:104DB80000000000010203040000000000000000E1
:104DC800010203040607080900000000000054540B
:104DD8005220524547474553000000000000803FDD
:104DE80000000000000000000000000000000000BB
:104DF80000000000000000000000803F00000000EC
:104E0800000000000000000000000000000000009A
:104E1800000000000000803F0000000000000000CB
:104E2800000000000000000000000000000000007A
:104E38000000803F000000000000000000000000AB
:104E48000000000000000000000000000000803F9B
:104E5800000000000000000000000000000000004A
:104E680000000000000000000000803F0031625395
:104E7800C4F5A697B988DBEA7D4C1F2E4372211032
:104E880087B6E5D4FACB98A93E0F5C6D86B7E4D512
:104E9800427320113F0E5D6CFBCA99A8C5F4A79612
:104EA800013063527C4D1E2FB889DAEB3D0C5F6EE2
:104EB800F9C89BAA84B5E6D7407122137E4F1C2DF2
:104EC800BA8BD8E9C7F6A59403326150BB8AD9E8F2
:104ED8007F4E1D2C02336051C6F7A495F8C99AABD2
:104EE8003C0D5E6F4170231285B4E7D67A4B1829C2
:104EF800BE8FDCEDC3F2A1900736655439085B6AB2
:104F0800FDCC9FAE80B1E2D344752617FCCD9EAF91
:104F180038095A6B4574271681B0E3D2BF8EDDEC91
:104F28007B4A192806376455C2F3A09147762514A1
:104F380083B2E1D0FECF9CAD3A0B58690435665771
:104F4800C0F1A293BD8CDFEE79481B2AC1F0A39271
:104F58000534675678491A2BBC8DDEEF82B3E0D151
:104F6800467724153B0A5968FFCE9DAC0F00081000
:104F7800810911000A15800B16000C18010D00009C
:104F88007D04017C000240AB03410105530806582B
:104F98000407000000000000000000000000803F3F
:104FA800000000000000803F000000000000803F7B
:104FB80000000000000000008D9782408D9782401D
:104FC8008D9782408D978240C3031C34C3031C34E1
:104FD800C3031C34C3031C34FC110434FC11043413
:104FE800FC110434FC1104340000891112239B3293
:104FF8002446AD573665BF74488CC19D5AAFD3BEA1
:105008006CCAE5DB7EE9F7F88110080193331A22B0
:10501800A5562C47B7753E64C99C408DDBBF52AE80
:10502800EDDA64CBFFF976E802218B301002991390
:105038002667AF763444BD554AADC3BC588ED19F60
:105048006EEBE7FA7CC8F5D983310A209112180370
:10505800A7772E66B5543C45CBBD42ACD99E508F40
:10506800EFFB66EAFDD874C904428D5316619F7040
:105078002004A9153227BB364CCEC5DF5EEDD7FC20
:105088006888E1997AABF3BA85520C4397711E6030
:10509800A1142805B3373A26CDDE44CFDFFD56EC00
:1050A800E9986089FBBB72AA06638F7214409D5110
:1050B8002225AB343006B9174EEFC7FE5CCCD5DDE0
:1050C8006AA9E3B8788AF19B87730E6295501C41F0
:1050D800A3352A24B1163807CFFF46EEDDDC54CDC0
:1050E800EBB962A8F99A708B088481951AA793B6D0
:1050F8002CC2A5D33EE1B7F04008C919522BDB3AC0
:10510800644EED5F766DFF7C899400859BB712A68F
:10511800ADD224C3BFF136E0C1184809D33B5A2A9F
:10512800E55E6C4FF77D7E6C0AA583B4188691976F
:105138002EE3A7F23CC0B5D14229CB38500AD91B7F
:10514800666FEF7E744CFD5D8BB502A4999610874F
:10515800AFF326E2BDD034C1C3394A28D11A580B5F
:10516800E77F6E6EF55C7C4D0CC685D71EE597F41F
:105178002880A1913AA3B3B2444ACD5B5669DF783F
:10518800600CE91D722FFB3E8DD604C79FF516E40F
:10519800A9902081BBB332A2C55A4C4BD7795E681F
:1051A800E11C680DF33F7A2E0EE787F61CC495D5EF
:1051B8002AA1A3B03882B193466BCF7A5448DD59FF
:1051C800622DEB3C700EF91F8FF706E69DD414C5CF
:1051D800ABB122A0B9923083C77B4E6AD5585C49DF
:1051E800E33D6A2CF11E780F005EBCE2613FDD836F
:1051F800C29C7E20A3FD1F419DC3217FFCA2401EAF
:105208005F01E3BD3E6082DC237D9FC1421CFEA09E
:10521800E1BF5D0380DE3C62BEE0025CDF81633D8E
:105228007C22C09E1D43A1FF4618FAA427799BC57E
:1052380084DA3866E5BB5907DB856739BAE406586E
:105248001947A5FB7826C49A653BD987045AB8E65E
:10525800A7F91B45C6987A24F8A6441A99C7257B4E
:105268003A6486D85B05E7B98CD2306EEDB3510F3E
:105278004E10F2AC2F7193CD114FADF3702ECC922E
:10528800D38D6F31B2EC0E50AFF1134DCE90722C1E
:105298006D33D18F0C52B0EE326C8ED0530DEFB10E
:1052A800F0AE4C1291CF2D73CA947628ABF51749FE
:1052B8000856B4EA6937D58B5709EBB536688AD4EE
:1052C80095CB2977F4AA4816E9B7550B88D6346ADE
:1052D8002B7597C94A14F6A8742AC896154BA9F7CE
:1052E800B6E80A54D7896B350000891112239B321E
:1052F8002446AD573665BF74488CC19D5AAFD3BE9E
:105308006CCAE5DB7EE9F7F88110080193331A22AD
:10531800A5562C47B7753E64C99C408DDBBF52AE7D
:10532800EDDA64CBFFF976E802218B30100299138D
:105338002667AF763444BD554AADC3BC588ED19F5D
:105348006EEBE7FA7CC8F5D983310A20911218036D
:10535800A7772E66B5543C45CBBD42ACD99E508F3D
:10536800EFFB66EAFDD874C904428D5316619F703D
:105378002004A9153227BB364CCEC5DF5EEDD7FC1D
:105388006888E1997AABF3BA85520C4397711E602D
:10539800A1142805B3373A26CDDE44CFDFFD56ECFD
:1053A800E9986089FBBB72AA06638F7214409D510D
:1053B8002225AB343006B9174EEFC7FE5CCCD5DDDD
:1053C8006AA9E3B8788AF19B87730E6295501C41ED
:1053D800A3352A24B1163807CFFF46EEDDDC54CDBD
:1053E800EBB962A8F99A708B088481951AA793B6CD
:1053F8002CC2A5D33EE1B7F04008C919522BDB3ABD
:10540800644EED5F766DFF7C899400859BB712A68C
:10541800ADD224C3BFF136E0C1184809D33B5A2A9C
:10542800E55E6C4FF77D7E6C0AA583B4188691976C
:105438002EE3A7F23CC0B5D14229CB38500AD91B7C
:10544800666FEF7E744CFD5D8BB502A4999610874C
:10545800AFF326E2BDD034C1C3394A28D11A580B5C
:10546800E77F6E6EF55C7C4D0CC685D71EE597F41C
:105478002880A1913AA3B3B2444ACD5B5669DF783C
:10548800600CE91D722FFB3E8DD604C79FF516E40C
:10549800A9902081BBB332A2C55A4C4BD7795E681C
:1054A800E11C680DF33F7A2E0EE787F61CC495D5EC
:1054B8002AA1A3B03882B193466BCF7A5448DD59FC
:1054C800622DEB3C700EF91F8FF706E69DD414C5CC
:1054D800ABB122A0B9923083C77B4E6AD5585C49DC
:1054E800E33D6A2CF11E780F3031323334353637CC
:1054F80038396162636465666768696A6B6C6D6E8A
:105508006F707172737475767778797A00232D309D
:105518002B2000686C4C00656667454647003031B3
:105528003233343536373839414243444546003002
:105538003132333435363738396162636465660031
:1055480000000080DB0F4940DB0F49C0DB0F49BF7B
:10555800E4CB1640E4CB16C059F3F8C21F6EA50180
:10556800000000000000F03F000FC93F000F494055
:1055780000CB9640000FC9400053FB4000CB1641BA
:1055880000ED2F41000F49410031624100537B413A
:10559800003A8A4100CB9641005CA34100EDAF413F
:1055A800007EBC41000FC94100A0D5410031E24155
:1055B80000C2EE410053FB4100F20342003A0A42A6
:1055C8000083104200CB164200141D42005C2342A7
:1055D80000A5294200ED2F4200363642007E3C42AB
:1055E80000C74242000F4942A2000000F900000033
:1055F800830000006E0000004E0000004400000020
:105608001500000029000000FC0000002700000031
:1056180057000000D1000000F50000003400000031
:10562800DD000000C0000000DB0000006200000098
:1056380095000000990000003C00000043000000B5
:105648009000000041000000FE0000005100000032
:1056580063000000AB000000DE000000BB0000009B
:10566800C500000061000000B70000002400000031
:105678006E0000003A000000420000004D000000EB
:10568800D2000000E0000000060000004900000011
:105698002E000000EA00000009000000D100000010
:1056A800920000001C000000FE0000001D00000029
:1056B800EB0000001C000000B10000002900000001
:1056C800A70000003E000000E80000008200000083
:1056D80035000000F50000002E000000BB000000AF
:1056E8004400000084000000E90000009C00000065
:1056F8007000000026000000B40000005F000000F9
:105708007E00000041000000390000009100000008
:10571800D60000003900000083000000530000009C
:1057280039000000F40000009C0000008400000024
:105738005F0000008B000000BD000000F9000000C1
:10574800280000003B0000001F000000F8000000D7
:1057580097000000FF000000DE00000005000000C8
:10576800980000000F000000EF0000002F0000006C
:10577800110000008B0000005A0000000A00000021
:105788006D0000001F0000006D00000036000000E2
:105798007E000000CF00000027000000CB000000C2
:1057A80009000000B70000004F000000460000009C
:1057B8003F000000660000009E0000005F0000003F
:1057C800EA0000002D00000075000000270000001E
:1057D800BA000000C7000000EB000000E500000070
:1057E800F10000007B0000003D0000000700000001
:1057F80039000000F70000008A0000005200000095
:1058080092000000EA0000006B000000FB000000AE
:105818005F000000B10000001F0000008D000000C4
:105828005D000000080000005600000003000000B2
:105838003000000046000000FC0000007B00000073
:105848006B000000AB000000F0000000CF0000007B
:10585800BC000000200000009A000000F4000000D6
:10586800360000001D000000A9000000E300000051
:1058780091000000610000005E000000E6000000EA
:105888001B000000080000006500000099000000EF
:10589800850000005F00000014000000A000000068
:1058A80068000000400000008D000000FF000000BC
:1058B800D8000000800000004D00000073000000C8
:1058C800270000003100000006000000060000006C
:1058D8001500000056000000CA0000007300000018
:1058E800A8000000C900000060000000E2000000FD
:1058F8007B000000C00000008C0000006B0000006E
:105908006937AC3168212233B40F14336821A233CC
:105918003863ED3EDA0F493F5E987B3FDA0FC93FA7
:105928000000C93F0000F0390000DA370000A23358
:105938000000842E0000502B0000C2270000D02257
:105948000000C41F0000C61B00004417040000002C
:10595800070000000900000000000000920E493C0A
:10596800B10AC93C2BC3163D2EFB483D752B7B3D28
:1059780004A9963D80B6AF3D36BDC83D2FBCE13D7C
:1059880073B2FA3D87CF093E8340163EB5AB223E3F
:10599800A2102F3ECF6E3B3EC2C5473E0115543E76
:1059A800135C603E7F9A6C3ECCCF783EC07D823ED1
:1059B800938E883E229A8E3E32A0943E86A09A3ECE
:1059C800E59AA03E128FA63ED47CAC3EEF63B23E71
:1059D8002A44B83E491DBE3E15EFC33E53B9C93EE1
:1059E800CA7BCF3E4136D53E80E8DA3E4F92E03E54
:1059F8007533E63EBBCBEB3EEA5AF13ECBE0F63ED2
:105A0800275DFC3EE4E7003F3D9C033F824B063F99
:105A18009BF5083F6B9A0B3FDA390E3FCDD3103F09
:105A28002A68133FD9F6153FC07F183FC6021B3FAF
:105A3800D17F1D3FCBF61F3F9967223F25D2243FD8
:105A48005636273F1594293F4AEB2B3FDE3B2E3F26
:105A5800BB85303FC9C8323FF304353F233A373F4F
:105A68004268393F3B8F3B3FF9AE3D3F67C73F3FF9
:105A780070D8413F01E2433F03E4453F65DE473FBD
:105A880012D1493FF8BB4B3F029F4D3F207A4F3F11
:105A98003D4D513F4918533F31DB543FE595563F43
:105AA8005348583F6AF2593F1A945B3F532D5D3F64
:105AB80005BE5E3F2146603F97C5613F5A3C633F44
:105AC80059AA643F880F663FD86B673F3CBF683F61
:105AD800A7096A3F0C4B6B3F5E836C3F93B26D3FE7
:105AE8009ED86E3F73F56F3F0809713F5213723F9E
:105AF8004714733FDD0B743F0BFA743FC6DE753FE6
:105B080007BA763FC58B773FF853783F9812793FAD
:105B18009DC7793F02737A3FBE147B3FCDAC7B3F74
:105B2800283B7C3FC9BF7C3FAC3A7D3FCCAB7D3F37
:105B380023137E3FB0707E3F6DC47E3F580E7F3F7B
:105B48006D4E7F3FAB847F3F0FB17F3F97D37F3F41
:105B580043EC7F3F11FB7F3F0000803F11FB7F3FFD
:105B680043EC7F3F97D37F3F0FB17F3FAB847F3FAD
:105B78006D4E7F3F580E7F3F6DC47E3FB0707E3FB5
:105B880023137E3FCCAB7D3FAC3A7D3FC9BF7C3F02
:105B9800283B7C3FCDAC7B3FBE147B3F02737A3FF2
:105BA8009DC7793F9812793FF853783FC58B773F67
:105BB80007BA763FC6DE753F0BFA743FDD0B743FBC
:105BC8004714733F5213723F0809713F73F56F3FD3
:105BD8009ED86E3F93B26D3F5E836C3F0C4B6B3F1C
:105BE800A7096A3F3CBF683FD86B673F880F663F8D
:105BF80059AA643F5A3C633F97C5613F2146603FBD
:105C080005BE5E3F532D5D3F1A945B3F6AF2593FD4
:105C18005348583FE595563F31DB543F4918533FA9
:105C28003D4D513F207A4F3F029F4D3FF8BB4B3FC0
:105C380012D1493F65DE473F03E4453F01E2433F58
:105C480070D8413F67C73F3FF9AE3D3F3B8F3B3F71
:105C58004268393F233A373FF304353FC9C8323FDA
:105C6800BB85303FDE3B2E3F4AEB2B3F1594293F47
:105C78005636273F25D2243F9967223FCBF61F3F50
:105C8800D17F1D3FC6021B3FC07F183FD9F6153F85
:105C98002A68133FCDD3103FDA390E3F6B9A0B3F7A
:105CA8009BF5083F824B063F3D9C033FE4E7003FDE
:105CB800275DFC3ECBE0F63EEA5AF13EBBCBEB3E1D
:105CC8007533E63E4F92E03E80E8DA3E4136D53EF7
:105CD800CA7BCF3E53B9C93E15EFC33E491DBE3EF0
:105CE8002A44B83EEF63B23ED47CAC3E128FA63E47
:105CF800E59AA03E86A09A3E32A0943E229A8E3E15
:105D0800938E883EC07D823ECCCF783E7F9A6C3E93
:105D1800135C603E0115543EC2C5473ECF6E3B3E04
:105D2800A2102F3EB5AB223E8340163E87CF093ED8
:105D380073B2FA3D2FBCE13D36BDC83D80B6AF3DDC
:105D480004A9963D752B7B3D2EFB483D2BC3163D84
:105D5800B10AC93C920E493C00000000920E49BCB1
:105D6800B10AC9BC2BC316BD2EFB48BD752B7BBD24
:105D780004A996BD80B6AFBD36BDC8BD2FBCE1BD78
:105D880073B2FABD87CF09BE834016BEB5AB22BE3B
:105D9800A2102FBECF6E3BBEC2C547BE011554BE72
:105DA800135C60BE7F9A6CBECCCF78BEC07D82BECD
:105DB800938E88BE229A8EBE32A094BE86A09ABECA
:105DC800E59AA0BE128FA6BED47CACBEEF63B2BE6D
:105DD8002A44B8BE491DBEBE15EFC3BE53B9C9BEDD
:105DE800CA7BCFBE4136D5BE80E8DABE4F92E0BE50
:105DF8007533E6BEBBCBEBBEEA5AF1BECBE0F6BECE
:105E0800275DFCBEE4E700BF3D9C03BF824B06BF95
:105E18009BF508BF6B9A0BBFDA390EBFCDD310BF05
:105E28002A6813BFD9F615BFC07F18BFC6021BBFAB
:105E3800D17F1DBFCBF61FBF996722BF25D224BFD4
:105E4800563627BF159429BF4AEB2BBFDE3B2EBF22
:105E5800BB8530BFC9C832BFF30435BF233A37BF4B
:105E6800426839BF3B8F3BBFF9AE3DBF67C73FBFF5
:105E780070D841BF01E243BF03E445BF65DE47BFB9
:105E880012D149BFF8BB4BBF029F4DBF207A4FBF0D
:105E98003D4D51BF491853BF31DB54BFE59556BF3F
:105EA800534858BF6AF259BF1A945BBF532D5DBF60
:105EB80005BE5EBF214660BF97C561BF5A3C63BF40
:105EC80059AA64BF880F66BFD86B67BF3CBF68BF5D
:105ED800A7096ABF0C4B6BBF5E836CBF93B26DBFE3
:105EE8009ED86EBF73F56FBF080971BF521372BF9A
:105EF800471473BFDD0B74BF0BFA74BFC6DE75BFE2
:105F080007BA76BFC58B77BFF85378BF981279BFA9
:105F18009DC779BF02737ABFBE147BBFCDAC7BBF70
:105F2800283B7CBFC9BF7CBFAC3A7DBFCCAB7DBF33
:105F380023137EBFB0707EBF6DC47EBF580E7FBF77
:105F48006D4E7FBFAB847FBF0FB17FBF97D37FBF3D
:105F580043EC7FBF11FB7FBF000080BF11FB7FBFF9
:105F680043EC7FBF97D37FBF0FB17FBFAB847FBFA9
:105F78006D4E7FBF580E7FBF6DC47EBFB0707EBFB1
:105F880023137EBFCCAB7DBFAC3A7DBFC9BF7CBFFE
:105F9800283B7CBFCDAC7BBFBE147BBF02737ABFEE
:105FA8009DC779BF981279BFF85378BFC58B77BF63
:105FB80007BA76BFC6DE75BF0BFA74BFDD0B74BFB8
:105FC800471473BF521372BF080971BF73F56FBFCF
:105FD8009ED86EBF93B26DBF5E836CBF0C4B6BBF18
:105FE800A7096ABF3CBF68BFD86B67BF880F66BF89
:105FF80059AA64BF5A3C63BF97C561BF214660BFB9
:1060080005BE5EBF532D5DBF1A945BBF6AF259BFD0
:10601800534858BFE59556BF31DB54BF491853BFA5
:106028003D4D51BF207A4FBF029F4DBFF8BB4BBFBC
:1060380012D149BF65DE47BF03E445BF01E243BF54
:1060480070D841BF67C73FBFF9AE3DBF3B8F3BBF6D
:10605800426839BF233A37BFF30435BFC9C832BFD6
:10606800BB8530BFDE3B2EBF4AEB2BBF159429BF43
:10607800563627BF25D224BF996722BFCBF61FBF4C
:10608800D17F1DBFC6021BBFC07F18BFD9F615BF81
:106098002A6813BFCDD310BFDA390EBF6B9A0BBF76
:1060A8009BF508BF824B06BF3D9C03BFE4E700BFDA
:1060B800275DFCBECBE0F6BEEA5AF1BEBBCBEBBE19
:1060C8007533E6BE4F92E0BE80E8DABE4136D5BEF3
:1060D800CA7BCFBE53B9C9BE15EFC3BE491DBEBEEC
:1060E8002A44B8BEEF63B2BED47CACBE128FA6BE43
:1060F800E59AA0BE86A09ABE32A094BE229A8EBE11
:10610800938E88BEC07D82BECCCF78BE7F9A6CBE8F
:10611800135C60BE011554BEC2C547BECF6E3BBE00
:10612800A2102FBEB5AB22BE834016BE87CF09BED4
:1061380073B2FABD2FBCE1BD36BDC8BD80B6AFBDD8
:1061480004A996BD752B7BBD2EFB48BD2BC316BD80
:0C615800B10AC9BC920E49BC00000080D6
:086164006CA0FE7F01000000A9
:04616C00B501000871
:046170009101000891
:106174001A030000000000000000000000000000FE
:1061840000000000000000000000000004030904F7
:1061940012010002020200408304CA00000201024C
:1061A400030100000929000815290008D92900085D
:1061B400B5290008A1290008F5290008192A0008B2
:1061C400852A00083D2A0008412A0008592A0008A7
:1061D400452A000801000000100000000024F4001B
:1061E400AAAAAAAA09024300020100C032090400B3
:1061F4000001020201000524001001052401000130
:106204000424020205240600010705820308001085
:1062140009040100020A0000000705010240000011
:10622400070581024000000017B00008B3AF000862
:1062340099AE000800000000C1AC00081DAE0008C3
:10624400E5AD0008000000000000000000000000B0
:106254009DAD000855AD00080DAD000801AD000866
:106264000A0600020000004001000E000050C3476F
:10627400CDCCCC3DCDCCCC3DCDCCCC3DCDCCCC3D92
:10628400CDCCCC3DCDCCCC3D0050C347CDCCCC3DCA
:10629400CDCCCC3DCDCCCC3DCDCCCC3DCDCCCC3D72
:1062A400CDCCCC3D0050C347CDCCCC3DCDCCCC3DAA
:1062B400CDCCCC3DCDCCCC3DCDCCCC3DCDCCCC3D52
:1062C4000050C347CDCCCC3DCDCCCC3DCDCCCC3D8A
:1062D400CDCCCC3DCDCCCC3DCDCCCC3D0000C842CA
:1062E400CDCCCC3DCDCCCC3DCDCCCC3DCDCCCC3D22
:1062F400CDCCCC3DCDCCCC3D0000C842010000004B
:1063040058A08B3A3333EB3A28090020FF010000F0
:106314000000000000000000000000000800000071
:106324000000000000000000000000000000000069
:106334000000000000000000000000000000000059
:1063440000000000000000000028090020000200F6
:106354000000000000000000000000000008000031
:106364000000000000000000000000000000000029
:106374000000000000000000000000000000000019
:106384000000000000000000000028090020FF02B7
:1063940000000000000000000000000000000800F1
:1063A40000000000000000000000000000000000E9
:1063B40000000000000000000000000000000000D9
:1063C400000000000000000000000000090020FFA1
:1063D40001000000000000000000000000000008B0
:1063E40000000000000000000000000000000000A9
:1063F4000000000000000000000000000000000099
:10640400000000000000000000000000000900205F
:106414000002000000000000000000000000000076
:106424000800000000000000000000000000000060
:106434000000000000000000000000000000000058
:10644400000000000000000000000000000009003F
:1064540020FF020000000000000000000000000017
:106464000008000000000000000000000000000020
:106474000000000000000000000000000000000018
:1064840000000000000000000000000000002809D7
:106494000020FE01000000000000000000000000D9
:1064A40000000800000000000000000000000000E0
:1064B40000000000000000000000000000000000D8
:1064C40000000000000000000000000000000028A0
:1064D400090020FE0200000000000000000000008F
:1064E40000000008000000000000000000000000A0
:1064F4000000000000000000000000000000000098
:106504000000000000000000000000000000000087
:1065140000090020FE01000000000000000000004F
:10652400000000000800000000000000000000005F
:106534000000000000000000000000000000000057
:106544000000000000000000000000000000000047
:106554000000090020FE020000000000000000000E
:10656400000000000008000000000000000000001F
:106574000000000000000000000000000000000017
:106584000000000000000000000000000000000007
:106594000000000028090020FF01000000000000A6
:1065A40000000000000000000800000000000000DF
:1065B40000000000000000000000000000000000D7
:1065C40000000000000000000000000000000000C7
:1065D4000000000000280900200002000000000064
:1065E400000000000000000000080000000000009F
:1065F4000000000000000000000000000000000097
:106604000000000000000000000000000000000086
:1066140000000000000028090020FF020000000024
:10662400000000000000000000000800000000005E
:106634000000000000000000000000000000000056
:106644000000000000000000000000000000000046
:106654000000000000000000090020FF010000000D
:10666400000000000000000000000008000000001E
:106674000000000000000000000000000000000016
:106684000000000000000000000000000000000006
:1066940000000000000000000009002000020000CB
:1066A40000000000000000000000000008000000DE
:1066B40000000000000000000000000000000000D6
:1066C40000000000000000000000000000000000C6
:1066D40000000000000000000000090020FF02008C
:1066E400000000000000000000000000000800009E
:1066F4000000000000000000000000000000000096
:106704000000000000000000000000000000000085
:1067140000000000000000000000FFFF0000C8416E
:106724004D6573736167655F4D616E616765720086
:106734000000000000000000000000000000000055
:106744000000000000000000000000000000000045
:10675400E40500200000000084910020EC9100205A
:10676400549200200000000000000000000000001F
:106774000000000000000000000000000000000015
:106784000000000000000000000000000000000005
:1067940000000000000000000000000000000000F5
:040000050801265177
:00000001FF
